{
  "best_metric": null,
  "best_model_checkpoint": null,
  "epoch": 3.3776364485645503,
  "eval_steps": 1000,
  "global_step": 47000,
  "is_hyper_param_search": false,
  "is_local_process_zero": true,
  "is_world_process_zero": true,
  "log_history": [
    {
      "epoch": 0.015398829688943641,
      "grad_norm": 0.22298969328403473,
      "learning_rate": 4.615384615384615e-05,
      "loss": 1.6343,
      "step": 100
    },
    {
      "epoch": 0.030797659377887282,
      "grad_norm": 0.1717439442873001,
      "learning_rate": 9.23076923076923e-05,
      "loss": 1.5898,
      "step": 200
    },
    {
      "epoch": 0.04619648906683092,
      "grad_norm": 0.1760905236005783,
      "learning_rate": 0.00013846153846153845,
      "loss": 1.5241,
      "step": 300
    },
    {
      "epoch": 0.061595318755774564,
      "grad_norm": 0.19434599578380585,
      "learning_rate": 0.0001846153846153846,
      "loss": 1.4731,
      "step": 400
    },
    {
      "epoch": 0.0769941484447182,
      "grad_norm": 0.1805419772863388,
      "learning_rate": 0.00023076923076923076,
      "loss": 1.4576,
      "step": 500
    },
    {
      "epoch": 0.09239297813366185,
      "grad_norm": 0.16494913399219513,
      "learning_rate": 0.0002769230769230769,
      "loss": 1.4478,
      "step": 600
    },
    {
      "epoch": 0.10779180782260549,
      "grad_norm": 0.33617520332336426,
      "learning_rate": 0.00029994581807188663,
      "loss": 1.4448,
      "step": 700
    },
    {
      "epoch": 0.12319063751154913,
      "grad_norm": 0.1388871967792511,
      "learning_rate": 0.0002995125974732089,
      "loss": 1.4416,
      "step": 800
    },
    {
      "epoch": 0.13858946720049276,
      "grad_norm": 0.14001338183879852,
      "learning_rate": 0.00029864740792854736,
      "loss": 1.4385,
      "step": 900
    },
    {
      "epoch": 0.1539882968894364,
      "grad_norm": 0.19112272560596466,
      "learning_rate": 0.00029735274912703853,
      "loss": 1.4387,
      "step": 1000
    },
    {
      "epoch": 0.1539882968894364,
      "eval_loss": 1.4452825784683228,
      "eval_runtime": 234.6812,
      "eval_samples_per_second": 2982.62,
      "eval_steps_per_second": 2.915,
      "step": 1000
    },
    {
      "epoch": 0.16938712657838004,
      "grad_norm": 0.17063066363334656,
      "learning_rate": 0.0002956323615722075,
      "loss": 1.4368,
      "step": 1100
    },
    {
      "epoch": 0.1847859562673237,
      "grad_norm": 0.14950209856033325,
      "learning_rate": 0.00029349121577497644,
      "loss": 1.4347,
      "step": 1200
    },
    {
      "epoch": 0.20018478595626732,
      "grad_norm": 0.10366609692573547,
      "learning_rate": 0.0002909354978929593,
      "loss": 1.4359,
      "step": 1300
    },
    {
      "epoch": 0.21558361564521097,
      "grad_norm": 0.29144182801246643,
      "learning_rate": 0.00028797259185753287,
      "loss": 1.4335,
      "step": 1400
    },
    {
      "epoch": 0.2309824453341546,
      "grad_norm": 0.22645702958106995,
      "learning_rate": 0.0002846110580403235,
      "loss": 1.4335,
      "step": 1500
    },
    {
      "epoch": 0.24638127502309826,
      "grad_norm": 0.17423392832279205,
      "learning_rate": 0.0002808606085207441,
      "loss": 1.4314,
      "step": 1600
    },
    {
      "epoch": 0.2617801047120419,
      "grad_norm": 0.16137103736400604,
      "learning_rate": 0.00027673207902604007,
      "loss": 1.4294,
      "step": 1700
    },
    {
      "epoch": 0.2771789344009855,
      "grad_norm": 0.1820661872625351,
      "learning_rate": 0.0002722373976249119,
      "loss": 1.4325,
      "step": 1800
    },
    {
      "epoch": 0.29257776408992914,
      "grad_norm": 0.17799685895442963,
      "learning_rate": 0.00026738955026516745,
      "loss": 1.4309,
      "step": 1900
    },
    {
      "epoch": 0.3079765937788728,
      "grad_norm": 0.26150718331336975,
      "learning_rate": 0.0002622025432549684,
      "loss": 1.4308,
      "step": 2000
    },
    {
      "epoch": 0.3079765937788728,
      "eval_loss": 1.4417660236358643,
      "eval_runtime": 231.8509,
      "eval_samples_per_second": 3019.03,
      "eval_steps_per_second": 2.95,
      "step": 2000
    },
    {
      "epoch": 0.32337542346781645,
      "grad_norm": 0.24050956964492798,
      "learning_rate": 0.0002566913627960723,
      "loss": 1.4285,
      "step": 2100
    },
    {
      "epoch": 0.3387742531567601,
      "grad_norm": 0.24433378875255585,
      "learning_rate": 0.00025087193168598363,
      "loss": 1.4289,
      "step": 2200
    },
    {
      "epoch": 0.3541730828457037,
      "grad_norm": 0.15218055248260498,
      "learning_rate": 0.0002447610633141113,
      "loss": 1.4287,
      "step": 2300
    },
    {
      "epoch": 0.3695719125346474,
      "grad_norm": 0.17753228545188904,
      "learning_rate": 0.0002383764130848444,
      "loss": 1.4279,
      "step": 2400
    },
    {
      "epoch": 0.384970742223591,
      "grad_norm": 0.16550011932849884,
      "learning_rate": 0.00023173642740789436,
      "loss": 1.427,
      "step": 2500
    },
    {
      "epoch": 0.40036957191253464,
      "grad_norm": 0.19161424040794373,
      "learning_rate": 0.00022486029040327975,
      "loss": 1.427,
      "step": 2600
    },
    {
      "epoch": 0.41576840160147827,
      "grad_norm": 0.19965963065624237,
      "learning_rate": 0.0002177678684749326,
      "loss": 1.4302,
      "step": 2700
    },
    {
      "epoch": 0.43116723129042195,
      "grad_norm": 0.3662303686141968,
      "learning_rate": 0.0002104796529130628,
      "loss": 1.4274,
      "step": 2800
    },
    {
      "epoch": 0.4465660609793656,
      "grad_norm": 0.16889432072639465,
      "learning_rate": 0.00020301670069111313,
      "loss": 1.4266,
      "step": 2900
    },
    {
      "epoch": 0.4619648906683092,
      "grad_norm": 0.12716346979141235,
      "learning_rate": 0.0001954005736283533,
      "loss": 1.4294,
      "step": 3000
    },
    {
      "epoch": 0.4619648906683092,
      "eval_loss": 1.4414345026016235,
      "eval_runtime": 233.5179,
      "eval_samples_per_second": 2997.479,
      "eval_steps_per_second": 2.929,
      "step": 3000
    },
    {
      "epoch": 0.47736372035725283,
      "grad_norm": 0.14613443613052368,
      "learning_rate": 0.0001876532760938824,
      "loss": 1.4266,
      "step": 3100
    },
    {
      "epoch": 0.4927625500461965,
      "grad_norm": 0.2175542712211609,
      "learning_rate": 0.0001797971914320256,
      "loss": 1.426,
      "step": 3200
    },
    {
      "epoch": 0.5081613797351401,
      "grad_norm": 0.1404496282339096,
      "learning_rate": 0.00017185501729280236,
      "loss": 1.4254,
      "step": 3300
    },
    {
      "epoch": 0.5235602094240838,
      "grad_norm": 0.1560775637626648,
      "learning_rate": 0.00016384970005430867,
      "loss": 1.4277,
      "step": 3400
    },
    {
      "epoch": 0.5389590391130274,
      "grad_norm": 0.17110952734947205,
      "learning_rate": 0.00015580436852647914,
      "loss": 1.4287,
      "step": 3500
    },
    {
      "epoch": 0.554357868801971,
      "grad_norm": 0.2449888437986374,
      "learning_rate": 0.00014774226712777004,
      "loss": 1.4236,
      "step": 3600
    },
    {
      "epoch": 0.5697566984909147,
      "grad_norm": 0.17288559675216675,
      "learning_rate": 0.0001396866887278291,
      "loss": 1.4288,
      "step": 3700
    },
    {
      "epoch": 0.5851555281798583,
      "grad_norm": 0.2189144343137741,
      "learning_rate": 0.00013166090735018012,
      "loss": 1.4272,
      "step": 3800
    },
    {
      "epoch": 0.600554357868802,
      "grad_norm": 0.17010454833507538,
      "learning_rate": 0.00012368811092935834,
      "loss": 1.4238,
      "step": 3900
    },
    {
      "epoch": 0.6159531875577456,
      "grad_norm": 0.15747801959514618,
      "learning_rate": 0.00011579133431677196,
      "loss": 1.425,
      "step": 4000
    },
    {
      "epoch": 0.6159531875577456,
      "eval_loss": 1.4376062154769897,
      "eval_runtime": 235.4645,
      "eval_samples_per_second": 2972.698,
      "eval_steps_per_second": 2.905,
      "step": 4000
    },
    {
      "epoch": 0.6313520172466892,
      "grad_norm": 0.1302894651889801,
      "learning_rate": 0.00010799339272884858,
      "loss": 1.4256,
      "step": 4100
    },
    {
      "epoch": 0.6467508469356329,
      "grad_norm": 0.20007748901844025,
      "learning_rate": 0.00010031681582974703,
      "loss": 1.4249,
      "step": 4200
    },
    {
      "epoch": 0.6621496766245766,
      "grad_norm": 0.10932864993810654,
      "learning_rate": 9.278378263908114e-05,
      "loss": 1.4226,
      "step": 4300
    },
    {
      "epoch": 0.6775485063135201,
      "grad_norm": 0.14369377493858337,
      "learning_rate": 8.541605745271904e-05,
      "loss": 1.4245,
      "step": 4400
    },
    {
      "epoch": 0.6929473360024638,
      "grad_norm": 0.13949905335903168,
      "learning_rate": 7.823492696179482e-05,
      "loss": 1.4224,
      "step": 4500
    },
    {
      "epoch": 0.7083461656914074,
      "grad_norm": 0.14703063666820526,
      "learning_rate": 7.126113875160596e-05,
      "loss": 1.4229,
      "step": 4600
    },
    {
      "epoch": 0.7237449953803511,
      "grad_norm": 0.16903407871723175,
      "learning_rate": 6.451484135808578e-05,
      "loss": 1.4234,
      "step": 4700
    },
    {
      "epoch": 0.7391438250692948,
      "grad_norm": 0.25243714451789856,
      "learning_rate": 5.8015526055037516e-05,
      "loss": 1.4249,
      "step": 4800
    },
    {
      "epoch": 0.7545426547582383,
      "grad_norm": 0.12795352935791016,
      "learning_rate": 5.178197054031744e-05,
      "loss": 1.4226,
      "step": 4900
    },
    {
      "epoch": 0.769941484447182,
      "grad_norm": 0.19195407629013062,
      "learning_rate": 4.583218468366856e-05,
      "loss": 1.4242,
      "step": 5000
    },
    {
      "epoch": 0.769941484447182,
      "eval_loss": 1.4362421035766602,
      "eval_runtime": 238.2116,
      "eval_samples_per_second": 2938.417,
      "eval_steps_per_second": 2.871,
      "step": 5000
    },
    {
      "epoch": 0.7853403141361257,
      "grad_norm": 0.1386619657278061,
      "learning_rate": 4.018335849294818e-05,
      "loss": 1.4214,
      "step": 5100
    },
    {
      "epoch": 0.8007391438250693,
      "grad_norm": 0.17987388372421265,
      "learning_rate": 3.4851812449084905e-05,
      "loss": 1.4206,
      "step": 5200
    },
    {
      "epoch": 0.816137973514013,
      "grad_norm": 0.1893126517534256,
      "learning_rate": 2.9852950353256412e-05,
      "loss": 1.4225,
      "step": 5300
    },
    {
      "epoch": 0.8315368032029565,
      "grad_norm": 0.14464952051639557,
      "learning_rate": 2.5201214822520732e-05,
      "loss": 1.4241,
      "step": 5400
    },
    {
      "epoch": 0.8469356328919002,
      "grad_norm": 0.1454939842224121,
      "learning_rate": 2.0910045562482313e-05,
      "loss": 1.4229,
      "step": 5500
    },
    {
      "epoch": 0.8623344625808439,
      "grad_norm": 0.17003336548805237,
      "learning_rate": 1.6991840537551044e-05,
      "loss": 1.4228,
      "step": 5600
    },
    {
      "epoch": 0.8777332922697875,
      "grad_norm": 0.15592171251773834,
      "learning_rate": 1.3457920150979706e-05,
      "loss": 1.4229,
      "step": 5700
    },
    {
      "epoch": 0.8931321219587312,
      "grad_norm": 0.14087265729904175,
      "learning_rate": 1.0318494538170796e-05,
      "loss": 1.4229,
      "step": 5800
    },
    {
      "epoch": 0.9085309516476747,
      "grad_norm": 0.19235000014305115,
      "learning_rate": 7.5826340677479505e-06,
      "loss": 1.4229,
      "step": 5900
    },
    {
      "epoch": 0.9239297813366184,
      "grad_norm": 0.19088076055049896,
      "learning_rate": 5.258243135619861e-06,
      "loss": 1.4237,
      "step": 6000
    },
    {
      "epoch": 0.9239297813366184,
      "eval_loss": 1.4365726709365845,
      "eval_runtime": 236.3838,
      "eval_samples_per_second": 2961.138,
      "eval_steps_per_second": 2.894,
      "step": 6000
    },
    {
      "epoch": 0.9393286110255621,
      "grad_norm": 0.12905944883823395,
      "learning_rate": 3.3520373277503677e-06,
      "loss": 1.4233,
      "step": 6100
    },
    {
      "epoch": 0.9547274407145057,
      "grad_norm": 0.15078094601631165,
      "learning_rate": 1.8695240176154868e-06,
      "loss": 1.4217,
      "step": 6200
    },
    {
      "epoch": 0.9701262704034493,
      "grad_norm": 0.1901002675294876,
      "learning_rate": 8.149864544049645e-07,
      "loss": 1.4209,
      "step": 6300
    },
    {
      "epoch": 0.985525100092393,
      "grad_norm": 0.16777673363685608,
      "learning_rate": 1.9147138794040063e-07,
      "loss": 1.4205,
      "step": 6400
    },
    {
      "epoch": 0.7006575401530667,
      "grad_norm": 0.1564037799835205,
      "learning_rate": 7.470690727194538e-05,
      "loss": 1.4223,
      "step": 6500
    },
    {
      "epoch": 0.7114368869246523,
      "grad_norm": 0.22197169065475464,
      "learning_rate": 6.987967168439667e-05,
      "loss": 1.4222,
      "step": 6600
    },
    {
      "epoch": 0.722216233696238,
      "grad_norm": 0.1028497964143753,
      "learning_rate": 6.516586462586375e-05,
      "loss": 1.4224,
      "step": 6700
    },
    {
      "epoch": 0.7329955804678236,
      "grad_norm": 0.2336248904466629,
      "learning_rate": 6.0572159561270625e-05,
      "loss": 1.4229,
      "step": 6800
    },
    {
      "epoch": 0.7437749272394093,
      "grad_norm": 0.18482652306556702,
      "learning_rate": 5.610505992388028e-05,
      "loss": 1.4212,
      "step": 6900
    },
    {
      "epoch": 0.754554274010995,
      "grad_norm": 0.15534910559654236,
      "learning_rate": 5.1770889908207245e-05,
      "loss": 1.4204,
      "step": 7000
    },
    {
      "epoch": 0.754554274010995,
      "eval_loss": 1.3931763172149658,
      "eval_runtime": 325.8217,
      "eval_samples_per_second": 3069.01,
      "eval_steps_per_second": 2.999,
      "step": 7000
    },
    {
      "epoch": 0.7653336207825806,
      "grad_norm": 0.23148557543754578,
      "learning_rate": 4.7575785516683333e-05,
      "loss": 1.4227,
      "step": 7100
    },
    {
      "epoch": 0.7761129675541663,
      "grad_norm": 0.22061187028884888,
      "learning_rate": 4.352568587275203e-05,
      "loss": 1.4241,
      "step": 7200
    },
    {
      "epoch": 0.7868923143257519,
      "grad_norm": 0.145369291305542,
      "learning_rate": 3.962632481268978e-05,
      "loss": 1.4205,
      "step": 7300
    },
    {
      "epoch": 0.7976716610973374,
      "grad_norm": 0.10878299176692963,
      "learning_rate": 3.588322276805803e-05,
      "loss": 1.42,
      "step": 7400
    },
    {
      "epoch": 0.8084510078689231,
      "grad_norm": 0.17009234428405762,
      "learning_rate": 3.2301678950277925e-05,
      "loss": 1.4243,
      "step": 7500
    },
    {
      "epoch": 0.8192303546405088,
      "grad_norm": 0.16996809840202332,
      "learning_rate": 2.8886763848392623e-05,
      "loss": 1.4223,
      "step": 7600
    },
    {
      "epoch": 0.8300097014120944,
      "grad_norm": 0.09601191431283951,
      "learning_rate": 2.564331205063787e-05,
      "loss": 1.4224,
      "step": 7700
    },
    {
      "epoch": 0.84078904818368,
      "grad_norm": 0.13382260501384735,
      "learning_rate": 2.257591539998399e-05,
      "loss": 1.4211,
      "step": 7800
    },
    {
      "epoch": 0.8515683949552657,
      "grad_norm": 0.1555667668581009,
      "learning_rate": 1.96889164933387e-05,
      "loss": 1.4231,
      "step": 7900
    },
    {
      "epoch": 0.8623477417268514,
      "grad_norm": 0.12945641577243805,
      "learning_rate": 1.6986402533614625e-05,
      "loss": 1.4219,
      "step": 8000
    },
    {
      "epoch": 0.8623477417268514,
      "eval_loss": 1.3908790349960327,
      "eval_runtime": 336.0472,
      "eval_samples_per_second": 2975.623,
      "eval_steps_per_second": 2.907,
      "step": 8000
    },
    {
      "epoch": 0.5820847256656246,
      "grad_norm": 0.14009353518486023,
      "learning_rate": 0.00029975385563899503,
      "loss": 1.4228,
      "step": 8100
    },
    {
      "epoch": 0.5892709568466817,
      "grad_norm": 0.17546266317367554,
      "learning_rate": 0.00029970887523218836,
      "loss": 1.4215,
      "step": 8200
    },
    {
      "epoch": 0.5964571880277388,
      "grad_norm": 0.17827650904655457,
      "learning_rate": 0.0002996601263830932,
      "loss": 1.42,
      "step": 8300
    },
    {
      "epoch": 0.6036434192087959,
      "grad_norm": 0.14981868863105774,
      "learning_rate": 0.00029960761031880577,
      "loss": 1.4233,
      "step": 8400
    },
    {
      "epoch": 0.610829650389853,
      "grad_norm": 0.13344749808311462,
      "learning_rate": 0.0002995513283612502,
      "loss": 1.4225,
      "step": 8500
    },
    {
      "epoch": 0.6180158815709101,
      "grad_norm": 0.15612486004829407,
      "learning_rate": 0.0002994912819271448,
      "loss": 1.4201,
      "step": 8600
    },
    {
      "epoch": 0.6252021127519672,
      "grad_norm": 0.15855135023593903,
      "learning_rate": 0.00029942747252796663,
      "loss": 1.4217,
      "step": 8700
    },
    {
      "epoch": 0.6323883439330243,
      "grad_norm": 0.239423930644989,
      "learning_rate": 0.00029935990176991315,
      "loss": 1.4202,
      "step": 8800
    },
    {
      "epoch": 0.6395745751140814,
      "grad_norm": 0.21755294501781464,
      "learning_rate": 0.00029928857135386237,
      "loss": 1.4206,
      "step": 8900
    },
    {
      "epoch": 0.6467608062951385,
      "grad_norm": 0.19801901280879974,
      "learning_rate": 0.0002992134830753293,
      "loss": 1.4222,
      "step": 9000
    },
    {
      "epoch": 0.6467608062951385,
      "eval_loss": 1.4135403633117676,
      "eval_runtime": 515.431,
      "eval_samples_per_second": 2910.04,
      "eval_steps_per_second": 2.842,
      "step": 9000
    },
    {
      "epoch": 0.6539470374761956,
      "grad_norm": 0.13952982425689697,
      "learning_rate": 0.0002991346388244213,
      "loss": 1.4218,
      "step": 9100
    },
    {
      "epoch": 0.6611332686572527,
      "grad_norm": 0.18040978908538818,
      "learning_rate": 0.0002990520405857904,
      "loss": 1.4195,
      "step": 9200
    },
    {
      "epoch": 0.6683194998383098,
      "grad_norm": 0.12554918229579926,
      "learning_rate": 0.00029896569043858304,
      "loss": 1.4207,
      "step": 9300
    },
    {
      "epoch": 0.6755057310193668,
      "grad_norm": 0.14986082911491394,
      "learning_rate": 0.0002988755905563882,
      "loss": 1.4206,
      "step": 9400
    },
    {
      "epoch": 0.6826919622004239,
      "grad_norm": 0.2106655389070511,
      "learning_rate": 0.0002987817432071823,
      "loss": 1.4185,
      "step": 9500
    },
    {
      "epoch": 0.689878193381481,
      "grad_norm": 0.21575064957141876,
      "learning_rate": 0.0002986841507532724,
      "loss": 1.4174,
      "step": 9600
    },
    {
      "epoch": 0.6970644245625381,
      "grad_norm": 0.15901927649974823,
      "learning_rate": 0.00029858281565123637,
      "loss": 1.4192,
      "step": 9700
    },
    {
      "epoch": 0.7042506557435952,
      "grad_norm": 0.15271663665771484,
      "learning_rate": 0.0002984777404518615,
      "loss": 1.4191,
      "step": 9800
    },
    {
      "epoch": 0.7114368869246523,
      "grad_norm": 0.15094295144081116,
      "learning_rate": 0.00029836892780008,
      "loss": 1.4208,
      "step": 9900
    },
    {
      "epoch": 0.7186231181057094,
      "grad_norm": 0.22320817410945892,
      "learning_rate": 0.00029825638043490244,
      "loss": 1.4183,
      "step": 10000
    },
    {
      "epoch": 0.7186231181057094,
      "eval_loss": 1.4105842113494873,
      "eval_runtime": 510.288,
      "eval_samples_per_second": 2939.37,
      "eval_steps_per_second": 2.871,
      "step": 10000
    },
    {
      "epoch": 0.7258093492867665,
      "grad_norm": 0.16567735373973846,
      "learning_rate": 0.00029814010118934896,
      "loss": 1.4156,
      "step": 10100
    },
    {
      "epoch": 0.7329955804678236,
      "grad_norm": 0.18226376175880432,
      "learning_rate": 0.00029802009299037774,
      "loss": 1.4198,
      "step": 10200
    },
    {
      "epoch": 0.7401818116488807,
      "grad_norm": 0.16717275977134705,
      "learning_rate": 0.00029789635885881156,
      "loss": 1.4173,
      "step": 10300
    },
    {
      "epoch": 0.7473680428299379,
      "grad_norm": 0.22322238981723785,
      "learning_rate": 0.00029776890190926153,
      "loss": 1.4173,
      "step": 10400
    },
    {
      "epoch": 0.754554274010995,
      "grad_norm": 0.13165538012981415,
      "learning_rate": 0.00029763772535004886,
      "loss": 1.4202,
      "step": 10500
    },
    {
      "epoch": 0.761740505192052,
      "grad_norm": 0.11068514734506607,
      "learning_rate": 0.00029750283248312405,
      "loss": 1.418,
      "step": 10600
    },
    {
      "epoch": 0.7689267363731092,
      "grad_norm": 0.14547976851463318,
      "learning_rate": 0.00029736422670398376,
      "loss": 1.4152,
      "step": 10700
    },
    {
      "epoch": 0.7761129675541663,
      "grad_norm": 0.12984918057918549,
      "learning_rate": 0.0002972219115015854,
      "loss": 1.4176,
      "step": 10800
    },
    {
      "epoch": 0.7832991987352234,
      "grad_norm": 0.16684870421886444,
      "learning_rate": 0.000297075890458259,
      "loss": 1.4164,
      "step": 10900
    },
    {
      "epoch": 0.7904854299162805,
      "grad_norm": 0.2074972242116928,
      "learning_rate": 0.00029692616724961757,
      "loss": 1.4137,
      "step": 11000
    },
    {
      "epoch": 0.7904854299162805,
      "eval_loss": 1.4082274436950684,
      "eval_runtime": 513.7418,
      "eval_samples_per_second": 2919.609,
      "eval_steps_per_second": 2.852,
      "step": 11000
    },
    {
      "epoch": 0.7976716610973374,
      "grad_norm": 0.239987313747406,
      "learning_rate": 0.00029677274564446425,
      "loss": 1.4175,
      "step": 11100
    },
    {
      "epoch": 0.8048578922783945,
      "grad_norm": 0.14957760274410248,
      "learning_rate": 0.0002966156295046974,
      "loss": 1.4196,
      "step": 11200
    },
    {
      "epoch": 0.8120441234594516,
      "grad_norm": 0.12603351473808289,
      "learning_rate": 0.0002964548227852135,
      "loss": 1.4186,
      "step": 11300
    },
    {
      "epoch": 0.8192303546405088,
      "grad_norm": 0.22212055325508118,
      "learning_rate": 0.0002962903295338076,
      "loss": 1.4138,
      "step": 11400
    },
    {
      "epoch": 0.8264165858215659,
      "grad_norm": 0.21525391936302185,
      "learning_rate": 0.0002961221538910713,
      "loss": 1.4144,
      "step": 11500
    },
    {
      "epoch": 0.833602817002623,
      "grad_norm": 0.21041198074817657,
      "learning_rate": 0.00029595030009028884,
      "loss": 1.4152,
      "step": 11600
    },
    {
      "epoch": 0.84078904818368,
      "grad_norm": 0.22865360975265503,
      "learning_rate": 0.00029577477245733015,
      "loss": 1.4156,
      "step": 11700
    },
    {
      "epoch": 0.8479752793647372,
      "grad_norm": 0.2899693548679352,
      "learning_rate": 0.0002955955754105422,
      "loss": 1.4163,
      "step": 11800
    },
    {
      "epoch": 0.8551615105457943,
      "grad_norm": 0.16479964554309845,
      "learning_rate": 0.00029541271346063773,
      "loss": 1.4162,
      "step": 11900
    },
    {
      "epoch": 0.8623477417268514,
      "grad_norm": 0.1515320986509323,
      "learning_rate": 0.0002952261912105817,
      "loss": 1.4149,
      "step": 12000
    },
    {
      "epoch": 0.8623477417268514,
      "eval_loss": 1.4090790748596191,
      "eval_runtime": 499.7203,
      "eval_samples_per_second": 3001.529,
      "eval_steps_per_second": 2.932,
      "step": 12000
    },
    {
      "epoch": 0.8695339729079085,
      "grad_norm": 0.16769641637802124,
      "learning_rate": 0.0002950360133554754,
      "loss": 1.417,
      "step": 12100
    },
    {
      "epoch": 0.8767202040889656,
      "grad_norm": 0.170455664396286,
      "learning_rate": 0.0002948421846824383,
      "loss": 1.4176,
      "step": 12200
    },
    {
      "epoch": 0.8839064352700227,
      "grad_norm": 0.17107261717319489,
      "learning_rate": 0.00029464471007048754,
      "loss": 1.4117,
      "step": 12300
    },
    {
      "epoch": 0.8910926664510798,
      "grad_norm": 0.16116920113563538,
      "learning_rate": 0.0002944435944904151,
      "loss": 1.4158,
      "step": 12400
    },
    {
      "epoch": 0.8982788976321369,
      "grad_norm": 0.16372253000736237,
      "learning_rate": 0.00029423884300466266,
      "loss": 1.4152,
      "step": 12500
    },
    {
      "epoch": 0.905465128813194,
      "grad_norm": 0.1301368772983551,
      "learning_rate": 0.0002940304607671944,
      "loss": 1.4181,
      "step": 12600
    },
    {
      "epoch": 0.9126513599942511,
      "grad_norm": 0.13925576210021973,
      "learning_rate": 0.0002938184530233668,
      "loss": 1.4141,
      "step": 12700
    },
    {
      "epoch": 0.9198375911753081,
      "grad_norm": 0.2182019203901291,
      "learning_rate": 0.00029360282510979696,
      "loss": 1.4148,
      "step": 12800
    },
    {
      "epoch": 0.9270238223563652,
      "grad_norm": 0.20054778456687927,
      "learning_rate": 0.00029338358245422833,
      "loss": 1.4153,
      "step": 12900
    },
    {
      "epoch": 0.9342100535374223,
      "grad_norm": 0.1268223077058792,
      "learning_rate": 0.00029316073057539363,
      "loss": 1.4146,
      "step": 13000
    },
    {
      "epoch": 0.9342100535374223,
      "eval_loss": 1.4083656072616577,
      "eval_runtime": 505.5247,
      "eval_samples_per_second": 2967.066,
      "eval_steps_per_second": 2.898,
      "step": 13000
    },
    {
      "epoch": 0.9413962847184794,
      "grad_norm": 0.12435932457447052,
      "learning_rate": 0.0002929342750828765,
      "loss": 1.4142,
      "step": 13100
    },
    {
      "epoch": 0.9485825158995365,
      "grad_norm": 0.18454450368881226,
      "learning_rate": 0.00029270422167697004,
      "loss": 1.4142,
      "step": 13200
    },
    {
      "epoch": 0.9557687470805936,
      "grad_norm": 0.21504169702529907,
      "learning_rate": 0.0002924705761485331,
      "loss": 1.4142,
      "step": 13300
    },
    {
      "epoch": 0.9629549782616507,
      "grad_norm": 0.1204119399189949,
      "learning_rate": 0.0002922333443788449,
      "loss": 1.4157,
      "step": 13400
    },
    {
      "epoch": 0.9701412094427078,
      "grad_norm": 0.1949600726366043,
      "learning_rate": 0.0002919925323394568,
      "loss": 1.4145,
      "step": 13500
    },
    {
      "epoch": 0.9773274406237649,
      "grad_norm": 0.15820859372615814,
      "learning_rate": 0.0002917481460920419,
      "loss": 1.411,
      "step": 13600
    },
    {
      "epoch": 0.984513671804822,
      "grad_norm": 0.19190995395183563,
      "learning_rate": 0.0002915001917882426,
      "loss": 1.4143,
      "step": 13700
    },
    {
      "epoch": 0.9916999029858791,
      "grad_norm": 0.160371795296669,
      "learning_rate": 0.0002912486756695159,
      "loss": 1.4148,
      "step": 13800
    },
    {
      "epoch": 0.9988861341669362,
      "grad_norm": 0.20191575586795807,
      "learning_rate": 0.0002909936040669758,
      "loss": 1.415,
      "step": 13900
    },
    {
      "epoch": 1.0060723653479933,
      "grad_norm": 0.13192372024059296,
      "learning_rate": 0.00029073498340123453,
      "loss": 1.4167,
      "step": 14000
    },
    {
      "epoch": 1.0060723653479933,
      "eval_loss": 1.4090924263000488,
      "eval_runtime": 507.1698,
      "eval_samples_per_second": 2957.441,
      "eval_steps_per_second": 2.889,
      "step": 14000
    },
    {
      "epoch": 1.0132945276849556,
      "grad_norm": 0.2315802127122879,
      "learning_rate": 0.0002904728201822404,
      "loss": 1.413,
      "step": 14100
    },
    {
      "epoch": 1.0204807588660127,
      "grad_norm": 0.18188811838626862,
      "learning_rate": 0.00029020712100911425,
      "loss": 1.4126,
      "step": 14200
    },
    {
      "epoch": 1.0276669900470699,
      "grad_norm": 0.11181557923555374,
      "learning_rate": 0.00028993789256998324,
      "loss": 1.4102,
      "step": 14300
    },
    {
      "epoch": 1.034853221228127,
      "grad_norm": 0.166800856590271,
      "learning_rate": 0.00028966514164181274,
      "loss": 1.4131,
      "step": 14400
    },
    {
      "epoch": 1.042039452409184,
      "grad_norm": 0.15633350610733032,
      "learning_rate": 0.00028938887509023515,
      "loss": 1.4164,
      "step": 14500
    },
    {
      "epoch": 1.0492256835902412,
      "grad_norm": 0.1160096824169159,
      "learning_rate": 0.0002891090998693777,
      "loss": 1.412,
      "step": 14600
    },
    {
      "epoch": 1.0564119147712983,
      "grad_norm": 0.18253032863140106,
      "learning_rate": 0.0002888258230216871,
      "loss": 1.4125,
      "step": 14700
    },
    {
      "epoch": 1.0635981459523554,
      "grad_norm": 0.14254777133464813,
      "learning_rate": 0.0002885390516777523,
      "loss": 1.4137,
      "step": 14800
    },
    {
      "epoch": 1.0707843771334125,
      "grad_norm": 0.19463331997394562,
      "learning_rate": 0.00028824879305612496,
      "loss": 1.4133,
      "step": 14900
    },
    {
      "epoch": 1.0779706083144696,
      "grad_norm": 0.17403723299503326,
      "learning_rate": 0.00028795505446313794,
      "loss": 1.4135,
      "step": 15000
    },
    {
      "epoch": 1.0779706083144696,
      "eval_loss": 1.4073271751403809,
      "eval_runtime": 490.0826,
      "eval_samples_per_second": 3060.555,
      "eval_steps_per_second": 2.989,
      "step": 15000
    },
    {
      "epoch": 1.0851568394955267,
      "grad_norm": 0.19026939570903778,
      "learning_rate": 0.0002876578432927212,
      "loss": 1.4104,
      "step": 15100
    },
    {
      "epoch": 1.0923430706765838,
      "grad_norm": 0.20765863358974457,
      "learning_rate": 0.0002873571670262157,
      "loss": 1.4124,
      "step": 15200
    },
    {
      "epoch": 1.0995293018576409,
      "grad_norm": 0.16774015128612518,
      "learning_rate": 0.0002870530332321851,
      "loss": 1.4111,
      "step": 15300
    },
    {
      "epoch": 1.106715533038698,
      "grad_norm": 0.17158468067646027,
      "learning_rate": 0.0002867454495662253,
      "loss": 1.4107,
      "step": 15400
    },
    {
      "epoch": 1.1139017642197548,
      "grad_norm": 0.21891151368618011,
      "learning_rate": 0.00028643442377077174,
      "loss": 1.4125,
      "step": 15500
    },
    {
      "epoch": 1.121087995400812,
      "grad_norm": 0.12942726910114288,
      "learning_rate": 0.00028611996367490446,
      "loss": 1.4124,
      "step": 15600
    },
    {
      "epoch": 1.128274226581869,
      "grad_norm": 0.09230972081422806,
      "learning_rate": 0.00028580207719415085,
      "loss": 1.4107,
      "step": 15700
    },
    {
      "epoch": 1.1354604577629261,
      "grad_norm": 0.16219840943813324,
      "learning_rate": 0.00028548077233028676,
      "loss": 1.41,
      "step": 15800
    },
    {
      "epoch": 1.1426466889439832,
      "grad_norm": 0.15337620675563812,
      "learning_rate": 0.00028515605717113496,
      "loss": 1.41,
      "step": 15900
    },
    {
      "epoch": 1.1498329201250403,
      "grad_norm": 0.11557237803936005,
      "learning_rate": 0.0002848279398903613,
      "loss": 1.4104,
      "step": 16000
    },
    {
      "epoch": 1.1498329201250403,
      "eval_loss": 1.4038690328598022,
      "eval_runtime": 493.9883,
      "eval_samples_per_second": 3036.357,
      "eval_steps_per_second": 2.966,
      "step": 16000
    },
    {
      "epoch": 1.1570191513060974,
      "grad_norm": 0.15150266885757446,
      "learning_rate": 0.0002844964287472694,
      "loss": 1.4106,
      "step": 16100
    },
    {
      "epoch": 1.1642053824871545,
      "grad_norm": 0.14841800928115845,
      "learning_rate": 0.0002841615320865923,
      "loss": 1.4113,
      "step": 16200
    },
    {
      "epoch": 1.1713916136682117,
      "grad_norm": 0.11850428581237793,
      "learning_rate": 0.0002838232583382827,
      "loss": 1.409,
      "step": 16300
    },
    {
      "epoch": 1.1785778448492688,
      "grad_norm": 0.15195654332637787,
      "learning_rate": 0.0002834816160173007,
      "loss": 1.409,
      "step": 16400
    },
    {
      "epoch": 1.1857640760303259,
      "grad_norm": 0.18289701640605927,
      "learning_rate": 0.0002831366137233995,
      "loss": 1.4102,
      "step": 16500
    },
    {
      "epoch": 1.192950307211383,
      "grad_norm": 0.2039179652929306,
      "learning_rate": 0.00028278826014090883,
      "loss": 1.4098,
      "step": 16600
    },
    {
      "epoch": 1.20013653839244,
      "grad_norm": 0.1543814092874527,
      "learning_rate": 0.00028243656403851626,
      "loss": 1.4084,
      "step": 16700
    },
    {
      "epoch": 1.2073227695734972,
      "grad_norm": 0.19213779270648956,
      "learning_rate": 0.0002820815342690468,
      "loss": 1.4117,
      "step": 16800
    },
    {
      "epoch": 1.2145090007545543,
      "grad_norm": 0.1945776641368866,
      "learning_rate": 0.00028172317976923986,
      "loss": 1.4103,
      "step": 16900
    },
    {
      "epoch": 1.2216952319356114,
      "grad_norm": 0.14457018673419952,
      "learning_rate": 0.0002813615095595241,
      "loss": 1.4083,
      "step": 17000
    },
    {
      "epoch": 1.2216952319356114,
      "eval_loss": 1.4029568433761597,
      "eval_runtime": 500.8166,
      "eval_samples_per_second": 2994.959,
      "eval_steps_per_second": 2.925,
      "step": 17000
    },
    {
      "epoch": 1.2288814631166685,
      "grad_norm": 0.19539040327072144,
      "learning_rate": 0.00028099653274379097,
      "loss": 1.4105,
      "step": 17100
    },
    {
      "epoch": 1.2360676942977256,
      "grad_norm": 0.16247326135635376,
      "learning_rate": 0.0002806282585091647,
      "loss": 1.4101,
      "step": 17200
    },
    {
      "epoch": 1.2432539254787827,
      "grad_norm": 0.18133388459682465,
      "learning_rate": 0.00028025669612577177,
      "loss": 1.4134,
      "step": 17300
    },
    {
      "epoch": 1.2504401566598398,
      "grad_norm": 0.15857289731502533,
      "learning_rate": 0.00027988185494650725,
      "loss": 1.4094,
      "step": 17400
    },
    {
      "epoch": 1.2576263878408969,
      "grad_norm": 0.12396468967199326,
      "learning_rate": 0.0002795037444067994,
      "loss": 1.4096,
      "step": 17500
    },
    {
      "epoch": 1.264812619021954,
      "grad_norm": 0.14844763278961182,
      "learning_rate": 0.0002791223740243721,
      "loss": 1.4098,
      "step": 17600
    },
    {
      "epoch": 1.271998850203011,
      "grad_norm": 0.1921469271183014,
      "learning_rate": 0.00027873775339900555,
      "loss": 1.4112,
      "step": 17700
    },
    {
      "epoch": 1.2791850813840682,
      "grad_norm": 0.1745205670595169,
      "learning_rate": 0.00027834989221229417,
      "loss": 1.409,
      "step": 17800
    },
    {
      "epoch": 1.2863713125651253,
      "grad_norm": 0.1748555302619934,
      "learning_rate": 0.00027795880022740335,
      "loss": 1.4111,
      "step": 17900
    },
    {
      "epoch": 1.2935575437461824,
      "grad_norm": 0.13994789123535156,
      "learning_rate": 0.0002775644872888234,
      "loss": 1.4132,
      "step": 18000
    },
    {
      "epoch": 1.2935575437461824,
      "eval_loss": 1.4024194478988647,
      "eval_runtime": 495.304,
      "eval_samples_per_second": 3028.292,
      "eval_steps_per_second": 2.958,
      "step": 18000
    },
    {
      "epoch": 1.3007437749272395,
      "grad_norm": 0.1436963528394699,
      "learning_rate": 0.00027716696332212186,
      "loss": 1.4109,
      "step": 18100
    },
    {
      "epoch": 1.3079300061082966,
      "grad_norm": 0.11412250250577927,
      "learning_rate": 0.0002767662383336936,
      "loss": 1.4106,
      "step": 18200
    },
    {
      "epoch": 1.3151162372893537,
      "grad_norm": 0.1460997462272644,
      "learning_rate": 0.00027636232241050915,
      "loss": 1.4101,
      "step": 18300
    },
    {
      "epoch": 1.3223024684704108,
      "grad_norm": 0.13103070855140686,
      "learning_rate": 0.0002759552257198603,
      "loss": 1.4082,
      "step": 18400
    },
    {
      "epoch": 1.3294886996514679,
      "grad_norm": 0.1513378769159317,
      "learning_rate": 0.00027554495850910484,
      "loss": 1.4088,
      "step": 18500
    },
    {
      "epoch": 1.3366749308325248,
      "grad_norm": 0.19146446883678436,
      "learning_rate": 0.000275131531105408,
      "loss": 1.4082,
      "step": 18600
    },
    {
      "epoch": 1.343861162013582,
      "grad_norm": 0.12657217681407928,
      "learning_rate": 0.00027471495391548286,
      "loss": 1.4102,
      "step": 18700
    },
    {
      "epoch": 1.351047393194639,
      "grad_norm": 0.15875686705112457,
      "learning_rate": 0.0002742952374253284,
      "loss": 1.4095,
      "step": 18800
    },
    {
      "epoch": 1.3582336243756963,
      "grad_norm": 0.1415521651506424,
      "learning_rate": 0.00027387239219996525,
      "loss": 1.4091,
      "step": 18900
    },
    {
      "epoch": 1.3654198555567532,
      "grad_norm": 0.1873333752155304,
      "learning_rate": 0.00027344642888317013,
      "loss": 1.4092,
      "step": 19000
    },
    {
      "epoch": 1.3654198555567532,
      "eval_loss": 1.401832103729248,
      "eval_runtime": 496.2993,
      "eval_samples_per_second": 3022.218,
      "eval_steps_per_second": 2.952,
      "step": 19000
    },
    {
      "epoch": 1.3726060867378105,
      "grad_norm": 0.15047135949134827,
      "learning_rate": 0.00027301735819720765,
      "loss": 1.4103,
      "step": 19100
    },
    {
      "epoch": 1.3797923179188674,
      "grad_norm": 0.15899553894996643,
      "learning_rate": 0.0002725851909425605,
      "loss": 1.4128,
      "step": 19200
    },
    {
      "epoch": 1.3869785490999245,
      "grad_norm": 0.1150161623954773,
      "learning_rate": 0.0002721499379976576,
      "loss": 1.4085,
      "step": 19300
    },
    {
      "epoch": 1.3941647802809816,
      "grad_norm": 0.1719789355993271,
      "learning_rate": 0.00027171161031860024,
      "loss": 1.4121,
      "step": 19400
    },
    {
      "epoch": 1.4013510114620387,
      "grad_norm": 0.16458985209465027,
      "learning_rate": 0.00027127021893888633,
      "loss": 1.4098,
      "step": 19500
    },
    {
      "epoch": 1.4085372426430958,
      "grad_norm": 0.18586154282093048,
      "learning_rate": 0.0002708257749691327,
      "loss": 1.4098,
      "step": 19600
    },
    {
      "epoch": 1.4157234738241529,
      "grad_norm": 0.1691611409187317,
      "learning_rate": 0.0002703782895967952,
      "loss": 1.4095,
      "step": 19700
    },
    {
      "epoch": 1.42290970500521,
      "grad_norm": 0.1742429882287979,
      "learning_rate": 0.0002699277740858876,
      "loss": 1.4118,
      "step": 19800
    },
    {
      "epoch": 1.430095936186267,
      "grad_norm": 0.12575186789035797,
      "learning_rate": 0.0002694742397766973,
      "loss": 1.409,
      "step": 19900
    },
    {
      "epoch": 1.4372821673673242,
      "grad_norm": 0.21765562891960144,
      "learning_rate": 0.00026901769808550073,
      "loss": 1.4077,
      "step": 20000
    },
    {
      "epoch": 1.4372821673673242,
      "eval_loss": 1.4143568277359009,
      "eval_runtime": 546.0221,
      "eval_samples_per_second": 2747.004,
      "eval_steps_per_second": 2.683,
      "step": 20000
    },
    {
      "epoch": 1.4444683985483813,
      "grad_norm": 0.22144804894924164,
      "learning_rate": 0.00026855816050427503,
      "loss": 1.4121,
      "step": 20100
    },
    {
      "epoch": 1.4516546297294384,
      "grad_norm": 0.11155375838279724,
      "learning_rate": 0.00026809563860040984,
      "loss": 1.4115,
      "step": 20200
    },
    {
      "epoch": 1.4588408609104955,
      "grad_norm": 0.1301615685224533,
      "learning_rate": 0.0002676301440164152,
      "loss": 1.41,
      "step": 20300
    },
    {
      "epoch": 1.4660270920915526,
      "grad_norm": 0.17921394109725952,
      "learning_rate": 0.00026716168846962904,
      "loss": 1.4096,
      "step": 20400
    },
    {
      "epoch": 1.4732133232726097,
      "grad_norm": 0.17328333854675293,
      "learning_rate": 0.00026669028375192195,
      "loss": 1.4084,
      "step": 20500
    },
    {
      "epoch": 1.4803995544536668,
      "grad_norm": 0.16982388496398926,
      "learning_rate": 0.00026621594172940066,
      "loss": 1.409,
      "step": 20600
    },
    {
      "epoch": 1.4875857856347239,
      "grad_norm": 0.17034976184368134,
      "learning_rate": 0.0002657386743421089,
      "loss": 1.4102,
      "step": 20700
    },
    {
      "epoch": 1.494772016815781,
      "grad_norm": 0.19845309853553772,
      "learning_rate": 0.0002652584936037274,
      "loss": 1.4116,
      "step": 20800
    },
    {
      "epoch": 1.501958247996838,
      "grad_norm": 0.16394422948360443,
      "learning_rate": 0.0002647754116012708,
      "loss": 1.4085,
      "step": 20900
    },
    {
      "epoch": 1.5091444791778952,
      "grad_norm": 0.114270880818367,
      "learning_rate": 0.00026428944049478417,
      "loss": 1.409,
      "step": 21000
    },
    {
      "epoch": 1.5091444791778952,
      "eval_loss": 1.4139622449874878,
      "eval_runtime": 530.5716,
      "eval_samples_per_second": 2826.998,
      "eval_steps_per_second": 2.761,
      "step": 21000
    },
    {
      "epoch": 1.5163307103589523,
      "grad_norm": 0.1270279437303543,
      "learning_rate": 0.0002638005925170364,
      "loss": 1.406,
      "step": 21100
    },
    {
      "epoch": 1.5235169415400094,
      "grad_norm": 0.16687877476215363,
      "learning_rate": 0.0002633088799732123,
      "loss": 1.4112,
      "step": 21200
    },
    {
      "epoch": 1.5307031727210665,
      "grad_norm": 0.19852972030639648,
      "learning_rate": 0.00026281431524060315,
      "loss": 1.4092,
      "step": 21300
    },
    {
      "epoch": 1.5378894039021236,
      "grad_norm": 0.15951880812644958,
      "learning_rate": 0.00026231691076829483,
      "loss": 1.4103,
      "step": 21400
    },
    {
      "epoch": 1.5450756350831805,
      "grad_norm": 0.18067030608654022,
      "learning_rate": 0.00026181667907685465,
      "loss": 1.4105,
      "step": 21500
    },
    {
      "epoch": 1.5522618662642378,
      "grad_norm": 0.1349857896566391,
      "learning_rate": 0.0002613136327580161,
      "loss": 1.4089,
      "step": 21600
    },
    {
      "epoch": 1.5594480974452947,
      "grad_norm": 0.18475323915481567,
      "learning_rate": 0.000260807784474362,
      "loss": 1.4081,
      "step": 21700
    },
    {
      "epoch": 1.566634328626352,
      "grad_norm": 0.13233721256256104,
      "learning_rate": 0.0002602991469590056,
      "loss": 1.4095,
      "step": 21800
    },
    {
      "epoch": 1.5738205598074089,
      "grad_norm": 0.20077131688594818,
      "learning_rate": 0.0002597877330152701,
      "loss": 1.4116,
      "step": 21900
    },
    {
      "epoch": 1.5810067909884662,
      "grad_norm": 0.15576553344726562,
      "learning_rate": 0.00025927355551636644,
      "loss": 1.4059,
      "step": 22000
    },
    {
      "epoch": 1.5810067909884662,
      "eval_loss": 1.4128814935684204,
      "eval_runtime": 508.1443,
      "eval_samples_per_second": 2951.77,
      "eval_steps_per_second": 2.883,
      "step": 22000
    },
    {
      "epoch": 1.588193022169523,
      "grad_norm": 0.1365717351436615,
      "learning_rate": 0.00025875662740506926,
      "loss": 1.4072,
      "step": 22100
    },
    {
      "epoch": 1.5953792533505804,
      "grad_norm": 0.18257588148117065,
      "learning_rate": 0.00025823696169339106,
      "loss": 1.4093,
      "step": 22200
    },
    {
      "epoch": 1.6025654845316373,
      "grad_norm": 0.21732647716999054,
      "learning_rate": 0.00025771457146225467,
      "loss": 1.4098,
      "step": 22300
    },
    {
      "epoch": 1.6097517157126946,
      "grad_norm": 0.16044224798679352,
      "learning_rate": 0.000257189469861164,
      "loss": 1.4087,
      "step": 22400
    },
    {
      "epoch": 1.6169379468937515,
      "grad_norm": 0.1342158019542694,
      "learning_rate": 0.00025666167010787293,
      "loss": 1.4097,
      "step": 22500
    },
    {
      "epoch": 1.6241241780748088,
      "grad_norm": 0.23166953027248383,
      "learning_rate": 0.0002561311854880529,
      "loss": 1.4091,
      "step": 22600
    },
    {
      "epoch": 1.6313104092558657,
      "grad_norm": 0.12514278292655945,
      "learning_rate": 0.00025559802935495814,
      "loss": 1.4111,
      "step": 22700
    },
    {
      "epoch": 1.638496640436923,
      "grad_norm": 0.24391843378543854,
      "learning_rate": 0.00025506221512908964,
      "loss": 1.4098,
      "step": 22800
    },
    {
      "epoch": 1.6456828716179799,
      "grad_norm": 0.0962873101234436,
      "learning_rate": 0.0002545237562978575,
      "loss": 1.4088,
      "step": 22900
    },
    {
      "epoch": 1.6528691027990372,
      "grad_norm": 0.18699528276920319,
      "learning_rate": 0.0002539826664152413,
      "loss": 1.4096,
      "step": 23000
    },
    {
      "epoch": 1.6528691027990372,
      "eval_loss": 1.402129888534546,
      "eval_runtime": 549.3982,
      "eval_samples_per_second": 2730.123,
      "eval_steps_per_second": 2.667,
      "step": 23000
    },
    {
      "epoch": 1.660055333980094,
      "grad_norm": 0.11183574795722961,
      "learning_rate": 0.00025343895910144863,
      "loss": 1.4092,
      "step": 23100
    },
    {
      "epoch": 1.6672415651611512,
      "grad_norm": 0.1311798244714737,
      "learning_rate": 0.0002528926480425731,
      "loss": 1.4087,
      "step": 23200
    },
    {
      "epoch": 1.6744277963422083,
      "grad_norm": 0.10954393446445465,
      "learning_rate": 0.0002523437469902488,
      "loss": 1.41,
      "step": 23300
    },
    {
      "epoch": 1.6816140275232654,
      "grad_norm": 0.16473174095153809,
      "learning_rate": 0.00025179226976130485,
      "loss": 1.4082,
      "step": 23400
    },
    {
      "epoch": 1.6888002587043225,
      "grad_norm": 0.1141827404499054,
      "learning_rate": 0.0002512382302374173,
      "loss": 1.408,
      "step": 23500
    },
    {
      "epoch": 1.6959864898853796,
      "grad_norm": 0.16043773293495178,
      "learning_rate": 0.00025068164236475974,
      "loss": 1.407,
      "step": 23600
    },
    {
      "epoch": 1.7031727210664367,
      "grad_norm": 0.18286314606666565,
      "learning_rate": 0.0002501225201536524,
      "loss": 1.4094,
      "step": 23700
    },
    {
      "epoch": 1.7103589522474938,
      "grad_norm": 0.0968458279967308,
      "learning_rate": 0.0002495608776782094,
      "loss": 1.4087,
      "step": 23800
    },
    {
      "epoch": 1.717545183428551,
      "grad_norm": 0.13028086721897125,
      "learning_rate": 0.0002489967290759843,
      "loss": 1.409,
      "step": 23900
    },
    {
      "epoch": 1.724731414609608,
      "grad_norm": 0.13330963253974915,
      "learning_rate": 0.00024843008854761456,
      "loss": 1.4102,
      "step": 24000
    },
    {
      "epoch": 1.724731414609608,
      "eval_loss": 1.4026364088058472,
      "eval_runtime": 529.7014,
      "eval_samples_per_second": 2831.643,
      "eval_steps_per_second": 2.766,
      "step": 24000
    },
    {
      "epoch": 1.731917645790665,
      "grad_norm": 0.10724935680627823,
      "learning_rate": 0.0002478609703564638,
      "loss": 1.4084,
      "step": 24100
    },
    {
      "epoch": 1.7391038769717222,
      "grad_norm": 0.1372024118900299,
      "learning_rate": 0.0002472893888282628,
      "loss": 1.4076,
      "step": 24200
    },
    {
      "epoch": 1.7462901081527793,
      "grad_norm": 0.13924160599708557,
      "learning_rate": 0.00024671535835074925,
      "loss": 1.4085,
      "step": 24300
    },
    {
      "epoch": 1.7534763393338364,
      "grad_norm": 0.178277388215065,
      "learning_rate": 0.00024613889337330504,
      "loss": 1.4075,
      "step": 24400
    },
    {
      "epoch": 1.7606625705148935,
      "grad_norm": 0.1591143012046814,
      "learning_rate": 0.000245560008406593,
      "loss": 1.407,
      "step": 24500
    },
    {
      "epoch": 1.7678488016959506,
      "grad_norm": 0.19991435110569,
      "learning_rate": 0.00024497871802219137,
      "loss": 1.4076,
      "step": 24600
    },
    {
      "epoch": 1.7750350328770077,
      "grad_norm": 0.12114760279655457,
      "learning_rate": 0.000244395036852227,
      "loss": 1.4091,
      "step": 24700
    },
    {
      "epoch": 1.7822212640580648,
      "grad_norm": 0.14401696622371674,
      "learning_rate": 0.00024380897958900728,
      "loss": 1.4094,
      "step": 24800
    },
    {
      "epoch": 1.789407495239122,
      "grad_norm": 0.19483914971351624,
      "learning_rate": 0.00024322056098465008,
      "loss": 1.4067,
      "step": 24900
    },
    {
      "epoch": 1.7965937264201788,
      "grad_norm": 0.15794403851032257,
      "learning_rate": 0.00024262979585071244,
      "loss": 1.4099,
      "step": 25000
    },
    {
      "epoch": 1.7965937264201788,
      "eval_loss": 1.4015055894851685,
      "eval_runtime": 533.7008,
      "eval_samples_per_second": 2810.423,
      "eval_steps_per_second": 2.745,
      "step": 25000
    },
    {
      "epoch": 1.803779957601236,
      "grad_norm": 0.12645600736141205,
      "learning_rate": 0.0002420366990578179,
      "loss": 1.4102,
      "step": 25100
    },
    {
      "epoch": 1.810966188782293,
      "grad_norm": 0.13153307139873505,
      "learning_rate": 0.00024144128553528192,
      "loss": 1.4074,
      "step": 25200
    },
    {
      "epoch": 1.8181524199633503,
      "grad_norm": 0.14068925380706787,
      "learning_rate": 0.00024084357027073637,
      "loss": 1.4072,
      "step": 25300
    },
    {
      "epoch": 1.8253386511444072,
      "grad_norm": 0.1599065214395523,
      "learning_rate": 0.00024024356830975192,
      "loss": 1.4057,
      "step": 25400
    },
    {
      "epoch": 1.8325248823254645,
      "grad_norm": 0.14780676364898682,
      "learning_rate": 0.00023964129475545975,
      "loss": 1.4082,
      "step": 25500
    },
    {
      "epoch": 1.8397111135065214,
      "grad_norm": 0.128843292593956,
      "learning_rate": 0.00023903676476817092,
      "loss": 1.4089,
      "step": 25600
    },
    {
      "epoch": 1.8468973446875787,
      "grad_norm": 0.15942178666591644,
      "learning_rate": 0.00023842999356499516,
      "loss": 1.4094,
      "step": 25700
    },
    {
      "epoch": 1.8540835758686356,
      "grad_norm": 0.1395023763179779,
      "learning_rate": 0.00023782099641945747,
      "loss": 1.4065,
      "step": 25800
    },
    {
      "epoch": 1.861269807049693,
      "grad_norm": 0.17937535047531128,
      "learning_rate": 0.00023720978866111398,
      "loss": 1.4099,
      "step": 25900
    },
    {
      "epoch": 1.8684560382307498,
      "grad_norm": 0.09976498037576675,
      "learning_rate": 0.00023659638567516582,
      "loss": 1.4079,
      "step": 26000
    },
    {
      "epoch": 1.8684560382307498,
      "eval_loss": 1.4017722606658936,
      "eval_runtime": 525.8302,
      "eval_samples_per_second": 2852.489,
      "eval_steps_per_second": 2.786,
      "step": 26000
    },
    {
      "epoch": 1.8756422694118071,
      "grad_norm": 11213.5556640625,
      "learning_rate": 0.00023598080290207203,
      "loss": 1.4067,
      "step": 26100
    },
    {
      "epoch": 1.882828500592864,
      "grad_norm": 8205.2744140625,
      "learning_rate": 0.0002353630558371608,
      "loss": 1.407,
      "step": 26200
    },
    {
      "epoch": 1.8900147317739213,
      "grad_norm": 9701.1640625,
      "learning_rate": 0.00023474316003023945,
      "loss": 1.4056,
      "step": 26300
    },
    {
      "epoch": 1.8972009629549782,
      "grad_norm": 9798.0927734375,
      "learning_rate": 0.000234121131085203,
      "loss": 1.4015,
      "step": 26400
    },
    {
      "epoch": 1.9043871941360355,
      "grad_norm": 6587.12646484375,
      "learning_rate": 0.00023349698465964137,
      "loss": 1.4016,
      "step": 26500
    },
    {
      "epoch": 1.9115734253170924,
      "grad_norm": 8630.9658203125,
      "learning_rate": 0.0002328707364644454,
      "loss": 1.4028,
      "step": 26600
    },
    {
      "epoch": 1.9187596564981495,
      "grad_norm": 8692.2509765625,
      "learning_rate": 0.0002322424022634111,
      "loss": 1.4015,
      "step": 26700
    },
    {
      "epoch": 1.9259458876792066,
      "grad_norm": 13206.181640625,
      "learning_rate": 0.00023161199787284314,
      "loss": 1.4038,
      "step": 26800
    },
    {
      "epoch": 1.9331321188602637,
      "grad_norm": 10286.9599609375,
      "learning_rate": 0.0002309795391611565,
      "loss": 1.4028,
      "step": 26900
    },
    {
      "epoch": 1.9403183500413208,
      "grad_norm": 10613.6279296875,
      "learning_rate": 0.00023034504204847719,
      "loss": 1.4052,
      "step": 27000
    },
    {
      "epoch": 1.9403183500413208,
      "eval_loss": 1.4076008796691895,
      "eval_runtime": 513.2172,
      "eval_samples_per_second": 2922.593,
      "eval_steps_per_second": 1.428,
      "step": 27000
    },
    {
      "epoch": 1.947504581222378,
      "grad_norm": 10535.0166015625,
      "learning_rate": 0.00022970852250624144,
      "loss": 1.4009,
      "step": 27100
    },
    {
      "epoch": 1.954690812403435,
      "grad_norm": 11884.84765625,
      "learning_rate": 0.00022906999655679361,
      "loss": 1.4039,
      "step": 27200
    },
    {
      "epoch": 1.961877043584492,
      "grad_norm": 10428.4287109375,
      "learning_rate": 0.00022842948027298297,
      "loss": 1.4016,
      "step": 27300
    },
    {
      "epoch": 1.9690632747655492,
      "grad_norm": 7634.4775390625,
      "learning_rate": 0.00022778698977775927,
      "loss": 1.4021,
      "step": 27400
    },
    {
      "epoch": 1.9762495059466063,
      "grad_norm": 9550.328125,
      "learning_rate": 0.00022714254124376644,
      "loss": 1.4033,
      "step": 27500
    },
    {
      "epoch": 1.9834357371276634,
      "grad_norm": 7507.83740234375,
      "learning_rate": 0.000226496150892936,
      "loss": 1.4027,
      "step": 27600
    },
    {
      "epoch": 1.9906219683087205,
      "grad_norm": 9113.7890625,
      "learning_rate": 0.00022584783499607827,
      "loss": 1.4038,
      "step": 27700
    },
    {
      "epoch": 1.9978081994897776,
      "grad_norm": 7914.1953125,
      "learning_rate": 0.00022519760987247336,
      "loss": 1.4036,
      "step": 27800
    },
    {
      "epoch": 2.0049944306708345,
      "grad_norm": 11390.40625,
      "learning_rate": 0.00022454549188945973,
      "loss": 1.4018,
      "step": 27900
    },
    {
      "epoch": 2.012180661851892,
      "grad_norm": 8316.5185546875,
      "learning_rate": 0.00022389149746202276,
      "loss": 1.4036,
      "step": 28000
    },
    {
      "epoch": 2.012180661851892,
      "eval_loss": 1.4079670906066895,
      "eval_runtime": 512.6441,
      "eval_samples_per_second": 2925.86,
      "eval_steps_per_second": 1.43,
      "step": 28000
    },
    {
      "epoch": 2.0193668930329487,
      "grad_norm": 8144.75341796875,
      "learning_rate": 0.0002232356430523811,
      "loss": 1.401,
      "step": 28100
    },
    {
      "epoch": 2.026553124214006,
      "grad_norm": 11851.392578125,
      "learning_rate": 0.0002225779451695728,
      "loss": 1.4006,
      "step": 28200
    },
    {
      "epoch": 2.033739355395063,
      "grad_norm": 7142.6240234375,
      "learning_rate": 0.00022191842036903915,
      "loss": 1.4015,
      "step": 28300
    },
    {
      "epoch": 2.04092558657612,
      "grad_norm": 17995.443359375,
      "learning_rate": 0.00022125708525220844,
      "loss": 1.4037,
      "step": 28400
    },
    {
      "epoch": 2.048111817757177,
      "grad_norm": 8808.2958984375,
      "learning_rate": 0.00022059395646607786,
      "loss": 1.4018,
      "step": 28500
    },
    {
      "epoch": 2.0552980489382344,
      "grad_norm": 11245.494140625,
      "learning_rate": 0.0002199290507027944,
      "loss": 1.4011,
      "step": 28600
    },
    {
      "epoch": 2.0624842801192913,
      "grad_norm": 14393.6044921875,
      "learning_rate": 0.00021926238469923489,
      "loss": 1.4003,
      "step": 28700
    },
    {
      "epoch": 2.0696705113003486,
      "grad_norm": 8074.03125,
      "learning_rate": 0.0002185939752365845,
      "loss": 1.4013,
      "step": 28800
    },
    {
      "epoch": 2.0768567424814055,
      "grad_norm": 6540.2861328125,
      "learning_rate": 0.0002179238391399144,
      "loss": 1.4022,
      "step": 28900
    },
    {
      "epoch": 2.084042973662463,
      "grad_norm": 9082.259765625,
      "learning_rate": 0.0002172519932777583,
      "loss": 1.4026,
      "step": 29000
    },
    {
      "epoch": 2.084042973662463,
      "eval_loss": 1.4065463542938232,
      "eval_runtime": 516.6027,
      "eval_samples_per_second": 2903.44,
      "eval_steps_per_second": 1.419,
      "step": 29000
    },
    {
      "epoch": 2.0912292048435197,
      "grad_norm": 11698.3076171875,
      "learning_rate": 0.00021657845456168786,
      "loss": 1.4031,
      "step": 29100
    },
    {
      "epoch": 2.098415436024577,
      "grad_norm": 9201.23046875,
      "learning_rate": 0.00021590323994588666,
      "loss": 1.4055,
      "step": 29200
    },
    {
      "epoch": 2.105601667205634,
      "grad_norm": 10012.99609375,
      "learning_rate": 0.000215226366426724,
      "loss": 1.3993,
      "step": 29300
    },
    {
      "epoch": 2.1127878983866912,
      "grad_norm": 14045.45703125,
      "learning_rate": 0.00021454785104232666,
      "loss": 1.4027,
      "step": 29400
    },
    {
      "epoch": 2.119974129567748,
      "grad_norm": 13436.33203125,
      "learning_rate": 0.00021386771087215,
      "loss": 1.4021,
      "step": 29500
    },
    {
      "epoch": 2.1271603607488054,
      "grad_norm": 8828.85546875,
      "learning_rate": 0.00021318596303654836,
      "loss": 1.401,
      "step": 29600
    },
    {
      "epoch": 2.1343465919298623,
      "grad_norm": 7934.13916015625,
      "learning_rate": 0.00021250262469634383,
      "loss": 1.404,
      "step": 29700
    },
    {
      "epoch": 2.1415328231109196,
      "grad_norm": 9524.0751953125,
      "learning_rate": 0.00021181771305239433,
      "loss": 1.4029,
      "step": 29800
    },
    {
      "epoch": 2.1487190542919765,
      "grad_norm": 8039.2734375,
      "learning_rate": 0.00021113124534516078,
      "loss": 1.4014,
      "step": 29900
    },
    {
      "epoch": 2.155905285473034,
      "grad_norm": 12649.22265625,
      "learning_rate": 0.0002104432388542729,
      "loss": 1.4002,
      "step": 30000
    },
    {
      "epoch": 2.155905285473034,
      "eval_loss": 1.4067189693450928,
      "eval_runtime": 515.4879,
      "eval_samples_per_second": 2909.719,
      "eval_steps_per_second": 1.422,
      "step": 30000
    },
    {
      "epoch": 2.1630915166540907,
      "grad_norm": 8669.2041015625,
      "learning_rate": 0.0002097537108980944,
      "loss": 1.4009,
      "step": 30100
    },
    {
      "epoch": 2.170277747835148,
      "grad_norm": 11941.9599609375,
      "learning_rate": 0.00020906267883328715,
      "loss": 1.4003,
      "step": 30200
    },
    {
      "epoch": 2.177463979016205,
      "grad_norm": 7721.38720703125,
      "learning_rate": 0.00020837016005437387,
      "loss": 1.4032,
      "step": 30300
    },
    {
      "epoch": 2.1846502101972622,
      "grad_norm": 10317.0966796875,
      "learning_rate": 0.00020767617199330082,
      "loss": 1.4006,
      "step": 30400
    },
    {
      "epoch": 2.191836441378319,
      "grad_norm": 10875.6064453125,
      "learning_rate": 0.00020698073211899867,
      "loss": 1.4013,
      "step": 30500
    },
    {
      "epoch": 2.1990226725593764,
      "grad_norm": 11494.845703125,
      "learning_rate": 0.00020628385793694268,
      "loss": 1.4022,
      "step": 30600
    },
    {
      "epoch": 2.2062089037404333,
      "grad_norm": 8847.4970703125,
      "learning_rate": 0.00020558556698871248,
      "loss": 1.4029,
      "step": 30700
    },
    {
      "epoch": 2.21339513492149,
      "grad_norm": 10243.08203125,
      "learning_rate": 0.00020488587685155006,
      "loss": 1.4034,
      "step": 30800
    },
    {
      "epoch": 2.2205813661025475,
      "grad_norm": 10670.671875,
      "learning_rate": 0.00020418480513791765,
      "loss": 1.3997,
      "step": 30900
    },
    {
      "epoch": 2.2277675972836044,
      "grad_norm": 9009.4248046875,
      "learning_rate": 0.00020348236949505418,
      "loss": 1.4013,
      "step": 31000
    },
    {
      "epoch": 2.2277675972836044,
      "eval_loss": 1.4068280458450317,
      "eval_runtime": 515.1538,
      "eval_samples_per_second": 2911.606,
      "eval_steps_per_second": 1.423,
      "step": 31000
    },
    {
      "epoch": 2.2349538284646617,
      "grad_norm": 10140.3056640625,
      "learning_rate": 0.00020277858760453112,
      "loss": 1.3992,
      "step": 31100
    },
    {
      "epoch": 2.2421400596457186,
      "grad_norm": 10809.8271484375,
      "learning_rate": 0.00020207347718180743,
      "loss": 1.3994,
      "step": 31200
    },
    {
      "epoch": 2.249326290826776,
      "grad_norm": 7028.4736328125,
      "learning_rate": 0.0002013670559757837,
      "loss": 1.4022,
      "step": 31300
    },
    {
      "epoch": 2.256512522007833,
      "grad_norm": 9821.556640625,
      "learning_rate": 0.00020065934176835518,
      "loss": 1.405,
      "step": 31400
    },
    {
      "epoch": 2.26369875318889,
      "grad_norm": 10221.638671875,
      "learning_rate": 0.0001999503523739644,
      "loss": 1.4045,
      "step": 31500
    },
    {
      "epoch": 2.270884984369947,
      "grad_norm": 6916.98681640625,
      "learning_rate": 0.00019924010563915261,
      "loss": 1.4018,
      "step": 31600
    },
    {
      "epoch": 2.2780712155510043,
      "grad_norm": 6980.0205078125,
      "learning_rate": 0.00019852861944211057,
      "loss": 1.3999,
      "step": 31700
    },
    {
      "epoch": 2.285257446732061,
      "grad_norm": 7769.33642578125,
      "learning_rate": 0.00019781591169222847,
      "loss": 1.4006,
      "step": 31800
    },
    {
      "epoch": 2.2924436779131185,
      "grad_norm": 7660.4130859375,
      "learning_rate": 0.00019710200032964538,
      "loss": 1.4041,
      "step": 31900
    },
    {
      "epoch": 2.2996299090941754,
      "grad_norm": 8342.12109375,
      "learning_rate": 0.00019638690332479726,
      "loss": 1.4007,
      "step": 32000
    },
    {
      "epoch": 2.2996299090941754,
      "eval_loss": 1.4060709476470947,
      "eval_runtime": 514.713,
      "eval_samples_per_second": 2914.1,
      "eval_steps_per_second": 1.424,
      "step": 32000
    },
    {
      "epoch": 2.3068161402752327,
      "grad_norm": 7482.82421875,
      "learning_rate": 0.000195670638677965,
      "loss": 1.4024,
      "step": 32100
    },
    {
      "epoch": 2.3140023714562896,
      "grad_norm": 11888.5341796875,
      "learning_rate": 0.00019495322441882105,
      "loss": 1.3986,
      "step": 32200
    },
    {
      "epoch": 2.321188602637347,
      "grad_norm": 7423.615234375,
      "learning_rate": 0.00019423467860597555,
      "loss": 1.4034,
      "step": 32300
    },
    {
      "epoch": 2.328374833818404,
      "grad_norm": 8934.412109375,
      "learning_rate": 0.00019351501932652221,
      "loss": 1.4005,
      "step": 32400
    },
    {
      "epoch": 2.335561064999461,
      "grad_norm": 10409.517578125,
      "learning_rate": 0.00019279426469558236,
      "loss": 1.3991,
      "step": 32500
    },
    {
      "epoch": 2.342747296180518,
      "grad_norm": 8210.56640625,
      "learning_rate": 0.00019207243285584955,
      "loss": 1.404,
      "step": 32600
    },
    {
      "epoch": 2.3499335273615753,
      "grad_norm": 8390.9892578125,
      "learning_rate": 0.00019134954197713253,
      "loss": 1.3997,
      "step": 32700
    },
    {
      "epoch": 2.3571197585426322,
      "grad_norm": 11034.8359375,
      "learning_rate": 0.00019062561025589788,
      "loss": 1.3999,
      "step": 32800
    },
    {
      "epoch": 2.3643059897236895,
      "grad_norm": 9397.91015625,
      "learning_rate": 0.0001899006559148122,
      "loss": 1.4025,
      "step": 32900
    },
    {
      "epoch": 2.3714922209047464,
      "grad_norm": 8182.91748046875,
      "learning_rate": 0.00018917469720228325,
      "loss": 1.4052,
      "step": 33000
    },
    {
      "epoch": 2.3714922209047464,
      "eval_loss": 1.4056308269500732,
      "eval_runtime": 517.8669,
      "eval_samples_per_second": 2896.353,
      "eval_steps_per_second": 1.415,
      "step": 33000
    },
    {
      "epoch": 2.3786784520858038,
      "grad_norm": 11721.78125,
      "learning_rate": 0.00018844775239200052,
      "loss": 1.3993,
      "step": 33100
    },
    {
      "epoch": 2.3858646832668606,
      "grad_norm": 8175.4765625,
      "learning_rate": 0.00018771983978247558,
      "loss": 1.4019,
      "step": 33200
    },
    {
      "epoch": 2.393050914447918,
      "grad_norm": 6486.51806640625,
      "learning_rate": 0.00018699097769658097,
      "loss": 1.4024,
      "step": 33300
    },
    {
      "epoch": 2.400237145628975,
      "grad_norm": 7238.20556640625,
      "learning_rate": 0.00018626118448108943,
      "loss": 1.4,
      "step": 33400
    },
    {
      "epoch": 2.407423376810032,
      "grad_norm": 9045.36328125,
      "learning_rate": 0.00018553047850621192,
      "loss": 1.3993,
      "step": 33500
    },
    {
      "epoch": 2.414609607991089,
      "grad_norm": 15472.970703125,
      "learning_rate": 0.00018479887816513513,
      "loss": 1.4008,
      "step": 33600
    },
    {
      "epoch": 2.4217958391721464,
      "grad_norm": 12029.986328125,
      "learning_rate": 0.00018406640187355864,
      "loss": 1.3985,
      "step": 33700
    },
    {
      "epoch": 2.4289820703532032,
      "grad_norm": 8451.3798828125,
      "learning_rate": 0.00018333306806923126,
      "loss": 1.3994,
      "step": 33800
    },
    {
      "epoch": 2.43616830153426,
      "grad_norm": 5730.9013671875,
      "learning_rate": 0.0001825988952114868,
      "loss": 1.4021,
      "step": 33900
    },
    {
      "epoch": 2.4433545327153174,
      "grad_norm": 14124.591796875,
      "learning_rate": 0.0001818639017807797,
      "loss": 1.3996,
      "step": 34000
    },
    {
      "epoch": 2.4433545327153174,
      "eval_loss": 1.4074115753173828,
      "eval_runtime": 514.1527,
      "eval_samples_per_second": 2917.276,
      "eval_steps_per_second": 1.426,
      "step": 34000
    },
    {
      "epoch": 2.4505766950522796,
      "grad_norm": 0.17145217955112457,
      "learning_rate": 0.0001811281062782198,
      "loss": 1.4019,
      "step": 34100
    },
    {
      "epoch": 2.457762926233337,
      "grad_norm": 0.17902861535549164,
      "learning_rate": 0.0001803915272251063,
      "loss": 1.4046,
      "step": 34200
    },
    {
      "epoch": 2.4649491574143942,
      "grad_norm": 0.14358462393283844,
      "learning_rate": 0.00017965418316246193,
      "loss": 1.4038,
      "step": 34300
    },
    {
      "epoch": 2.472135388595451,
      "grad_norm": 0.13266289234161377,
      "learning_rate": 0.00017891609265056606,
      "loss": 1.4031,
      "step": 34400
    },
    {
      "epoch": 2.479321619776508,
      "grad_norm": 0.09854117780923843,
      "learning_rate": 0.00017817727426848744,
      "loss": 1.4035,
      "step": 34500
    },
    {
      "epoch": 2.4865078509575653,
      "grad_norm": 0.18289457261562347,
      "learning_rate": 0.0001774377466136168,
      "loss": 1.4013,
      "step": 34600
    },
    {
      "epoch": 2.4936940821386226,
      "grad_norm": 0.14412188529968262,
      "learning_rate": 0.00017669752830119843,
      "loss": 1.4051,
      "step": 34700
    },
    {
      "epoch": 2.5008803133196795,
      "grad_norm": 0.11759122461080551,
      "learning_rate": 0.00017595663796386173,
      "loss": 1.4033,
      "step": 34800
    },
    {
      "epoch": 2.5080665445007364,
      "grad_norm": 0.17940206825733185,
      "learning_rate": 0.00017521509425115218,
      "loss": 1.4032,
      "step": 34900
    },
    {
      "epoch": 2.5152527756817937,
      "grad_norm": 0.2171991616487503,
      "learning_rate": 0.00017447291582906193,
      "loss": 1.4043,
      "step": 35000
    },
    {
      "epoch": 2.5152527756817937,
      "eval_loss": 1.4115374088287354,
      "eval_runtime": 514.8291,
      "eval_samples_per_second": 2913.443,
      "eval_steps_per_second": 2.846,
      "step": 35000
    },
    {
      "epoch": 2.522439006862851,
      "grad_norm": 0.126019686460495,
      "learning_rate": 0.0001737301213795598,
      "loss": 1.4049,
      "step": 35100
    },
    {
      "epoch": 2.529625238043908,
      "grad_norm": 0.11611013114452362,
      "learning_rate": 0.00017298672960012134,
      "loss": 1.4018,
      "step": 35200
    },
    {
      "epoch": 2.536811469224965,
      "grad_norm": 0.12678185105323792,
      "learning_rate": 0.00017224275920325774,
      "loss": 1.4047,
      "step": 35300
    },
    {
      "epoch": 2.543997700406022,
      "grad_norm": 0.12719430029392242,
      "learning_rate": 0.00017149822891604524,
      "loss": 1.4045,
      "step": 35400
    },
    {
      "epoch": 2.551183931587079,
      "grad_norm": 0.12037000805139542,
      "learning_rate": 0.0001707531574796533,
      "loss": 1.4039,
      "step": 35500
    },
    {
      "epoch": 2.5583701627681363,
      "grad_norm": 0.18477939069271088,
      "learning_rate": 0.00017000756364887328,
      "loss": 1.4048,
      "step": 35600
    },
    {
      "epoch": 2.565556393949193,
      "grad_norm": 0.09871988743543625,
      "learning_rate": 0.00016926146619164606,
      "loss": 1.4038,
      "step": 35700
    },
    {
      "epoch": 2.5727426251302505,
      "grad_norm": 0.1279178410768509,
      "learning_rate": 0.0001685148838885898,
      "loss": 1.4059,
      "step": 35800
    },
    {
      "epoch": 2.5799288563113074,
      "grad_norm": 0.11396197974681854,
      "learning_rate": 0.00016776783553252688,
      "loss": 1.4063,
      "step": 35900
    },
    {
      "epoch": 2.5871150874923647,
      "grad_norm": 0.11645761132240295,
      "learning_rate": 0.00016702033992801131,
      "loss": 1.4032,
      "step": 36000
    },
    {
      "epoch": 2.5871150874923647,
      "eval_loss": 1.4116934537887573,
      "eval_runtime": 515.1497,
      "eval_samples_per_second": 2911.63,
      "eval_steps_per_second": 2.844,
      "step": 36000
    },
    {
      "epoch": 2.5943013186734216,
      "grad_norm": 0.13816916942596436,
      "learning_rate": 0.00016627241589085506,
      "loss": 1.4053,
      "step": 36100
    },
    {
      "epoch": 2.601487549854479,
      "grad_norm": 0.11198769509792328,
      "learning_rate": 0.0001655240822476545,
      "loss": 1.4046,
      "step": 36200
    },
    {
      "epoch": 2.608673781035536,
      "grad_norm": 0.13905508816242218,
      "learning_rate": 0.00016477535783531656,
      "loss": 1.4052,
      "step": 36300
    },
    {
      "epoch": 2.615860012216593,
      "grad_norm": 0.12225025147199631,
      "learning_rate": 0.0001640262615005845,
      "loss": 1.4049,
      "step": 36400
    },
    {
      "epoch": 2.62304624339765,
      "grad_norm": 0.1298171877861023,
      "learning_rate": 0.00016327681209956358,
      "loss": 1.4041,
      "step": 36500
    },
    {
      "epoch": 2.6302324745787073,
      "grad_norm": 0.09529628604650497,
      "learning_rate": 0.00016252702849724638,
      "loss": 1.404,
      "step": 36600
    },
    {
      "epoch": 2.6374187057597642,
      "grad_norm": 0.11009032279253006,
      "learning_rate": 0.0001617769295670378,
      "loss": 1.404,
      "step": 36700
    },
    {
      "epoch": 2.6446049369408215,
      "grad_norm": 0.12207471579313278,
      "learning_rate": 0.00016102653419028027,
      "loss": 1.4001,
      "step": 36800
    },
    {
      "epoch": 2.6517911681218784,
      "grad_norm": 0.11823394149541855,
      "learning_rate": 0.00016027586125577824,
      "loss": 1.4048,
      "step": 36900
    },
    {
      "epoch": 2.6589773993029358,
      "grad_norm": 0.1591225415468216,
      "learning_rate": 0.00015952492965932286,
      "loss": 1.4039,
      "step": 37000
    },
    {
      "epoch": 2.6589773993029358,
      "eval_loss": 1.4122265577316284,
      "eval_runtime": 500.9817,
      "eval_samples_per_second": 2993.971,
      "eval_steps_per_second": 2.924,
      "step": 37000
    },
    {
      "epoch": 2.6661636304839926,
      "grad_norm": 0.14280538260936737,
      "learning_rate": 0.00015877375830321608,
      "loss": 1.4031,
      "step": 37100
    },
    {
      "epoch": 2.6733498616650495,
      "grad_norm": 0.14253050088882446,
      "learning_rate": 0.00015802236609579535,
      "loss": 1.4041,
      "step": 37200
    },
    {
      "epoch": 2.680536092846107,
      "grad_norm": 0.16329655051231384,
      "learning_rate": 0.000157270771950957,
      "loss": 1.4055,
      "step": 37300
    },
    {
      "epoch": 2.687722324027164,
      "grad_norm": 0.12394919246435165,
      "learning_rate": 0.00015651899478768077,
      "loss": 1.4062,
      "step": 37400
    },
    {
      "epoch": 2.694908555208221,
      "grad_norm": 0.1653207391500473,
      "learning_rate": 0.0001557670535295531,
      "loss": 1.4045,
      "step": 37500
    },
    {
      "epoch": 2.702094786389278,
      "grad_norm": 0.14761437475681305,
      "learning_rate": 0.00015501496710429108,
      "loss": 1.4031,
      "step": 37600
    },
    {
      "epoch": 2.7092810175703352,
      "grad_norm": 0.11179852485656738,
      "learning_rate": 0.00015426275444326595,
      "loss": 1.4067,
      "step": 37700
    },
    {
      "epoch": 2.7164672487513926,
      "grad_norm": 0.11898093670606613,
      "learning_rate": 0.00015351043448102645,
      "loss": 1.4063,
      "step": 37800
    },
    {
      "epoch": 2.7236534799324494,
      "grad_norm": 0.11240685731172562,
      "learning_rate": 0.00015275802615482238,
      "loss": 1.4071,
      "step": 37900
    },
    {
      "epoch": 2.7308397111135063,
      "grad_norm": 0.1117362529039383,
      "learning_rate": 0.00015200554840412778,
      "loss": 1.406,
      "step": 38000
    },
    {
      "epoch": 2.7308397111135063,
      "eval_loss": 1.411287784576416,
      "eval_runtime": 505.2034,
      "eval_samples_per_second": 2968.953,
      "eval_steps_per_second": 2.9,
      "step": 38000
    },
    {
      "epoch": 2.7380259422945636,
      "grad_norm": 0.1418558955192566,
      "learning_rate": 0.00015125302017016413,
      "loss": 1.4059,
      "step": 38100
    },
    {
      "epoch": 2.745212173475621,
      "grad_norm": 0.1885703057050705,
      "learning_rate": 0.00015050046039542385,
      "loss": 1.4069,
      "step": 38200
    },
    {
      "epoch": 2.752398404656678,
      "grad_norm": 0.16440826654434204,
      "learning_rate": 0.00014974788802319322,
      "loss": 1.4071,
      "step": 38300
    },
    {
      "epoch": 2.7595846358377347,
      "grad_norm": 0.09378186613321304,
      "learning_rate": 0.0001489953219970755,
      "loss": 1.4063,
      "step": 38400
    },
    {
      "epoch": 2.766770867018792,
      "grad_norm": 0.10577862709760666,
      "learning_rate": 0.00014824278126051438,
      "loss": 1.4026,
      "step": 38500
    },
    {
      "epoch": 2.773957098199849,
      "grad_norm": 0.15083758533000946,
      "learning_rate": 0.00014749028475631693,
      "loss": 1.4012,
      "step": 38600
    },
    {
      "epoch": 2.7811433293809062,
      "grad_norm": 0.1381441205739975,
      "learning_rate": 0.00014673785142617674,
      "loss": 1.4037,
      "step": 38700
    },
    {
      "epoch": 2.788329560561963,
      "grad_norm": 0.12480799108743668,
      "learning_rate": 0.00014598550021019722,
      "loss": 1.4038,
      "step": 38800
    },
    {
      "epoch": 2.7955157917430205,
      "grad_norm": 0.11756627261638641,
      "learning_rate": 0.00014523325004641484,
      "loss": 1.403,
      "step": 38900
    },
    {
      "epoch": 2.8027020229240773,
      "grad_norm": 0.10638618469238281,
      "learning_rate": 0.0001444811198703224,
      "loss": 1.4041,
      "step": 39000
    },
    {
      "epoch": 2.8027020229240773,
      "eval_loss": 1.411731243133545,
      "eval_runtime": 492.4946,
      "eval_samples_per_second": 3045.567,
      "eval_steps_per_second": 2.975,
      "step": 39000
    },
    {
      "epoch": 2.8098882541051347,
      "grad_norm": 0.10382215678691864,
      "learning_rate": 0.00014372912861439243,
      "loss": 1.4058,
      "step": 39100
    },
    {
      "epoch": 2.8170744852861915,
      "grad_norm": 0.14628741145133972,
      "learning_rate": 0.0001429772952076005,
      "loss": 1.4013,
      "step": 39200
    },
    {
      "epoch": 2.824260716467249,
      "grad_norm": 0.1287286877632141,
      "learning_rate": 0.00014222563857494897,
      "loss": 1.4054,
      "step": 39300
    },
    {
      "epoch": 2.8314469476483057,
      "grad_norm": 0.11681223660707474,
      "learning_rate": 0.00014147417763699026,
      "loss": 1.405,
      "step": 39400
    },
    {
      "epoch": 2.838633178829363,
      "grad_norm": 0.1460314840078354,
      "learning_rate": 0.000140722931309351,
      "loss": 1.4038,
      "step": 39500
    },
    {
      "epoch": 2.84581941001042,
      "grad_norm": 0.1483827829360962,
      "learning_rate": 0.00013997191850225564,
      "loss": 1.4035,
      "step": 39600
    },
    {
      "epoch": 2.8530056411914773,
      "grad_norm": 0.1252925992012024,
      "learning_rate": 0.00013922115812005047,
      "loss": 1.4013,
      "step": 39700
    },
    {
      "epoch": 2.860191872372534,
      "grad_norm": 0.1477532833814621,
      "learning_rate": 0.00013847066906072782,
      "loss": 1.4056,
      "step": 39800
    },
    {
      "epoch": 2.8673781035535915,
      "grad_norm": 0.18976081907749176,
      "learning_rate": 0.00013772047021545024,
      "loss": 1.4035,
      "step": 39900
    },
    {
      "epoch": 2.8745643347346483,
      "grad_norm": 0.11277910321950912,
      "learning_rate": 0.0001369705804680752,
      "loss": 1.4036,
      "step": 40000
    },
    {
      "epoch": 2.8745643347346483,
      "eval_loss": 1.4122129678726196,
      "eval_runtime": 505.3814,
      "eval_samples_per_second": 2967.907,
      "eval_steps_per_second": 2.899,
      "step": 40000
    },
    {
      "epoch": 2.8817505659157057,
      "grad_norm": 0.1225237026810646,
      "learning_rate": 0.00013622101869467952,
      "loss": 1.4066,
      "step": 40100
    },
    {
      "epoch": 2.8889367970967625,
      "grad_norm": 0.13131950795650482,
      "learning_rate": 0.00013547180376308443,
      "loss": 1.4037,
      "step": 40200
    },
    {
      "epoch": 2.8961230282778194,
      "grad_norm": 0.1391662359237671,
      "learning_rate": 0.0001347229545323804,
      "loss": 1.404,
      "step": 40300
    },
    {
      "epoch": 2.9033092594588767,
      "grad_norm": 0.19716878235340118,
      "learning_rate": 0.0001339744898524527,
      "loss": 1.405,
      "step": 40400
    },
    {
      "epoch": 2.910495490639934,
      "grad_norm": 0.16251657903194427,
      "learning_rate": 0.00013322642856350656,
      "loss": 1.4047,
      "step": 40500
    },
    {
      "epoch": 2.917681721820991,
      "grad_norm": 0.13242509961128235,
      "learning_rate": 0.0001324787894955933,
      "loss": 1.4039,
      "step": 40600
    },
    {
      "epoch": 2.924867953002048,
      "grad_norm": 0.12270187586545944,
      "learning_rate": 0.00013173159146813614,
      "loss": 1.4067,
      "step": 40700
    },
    {
      "epoch": 2.932054184183105,
      "grad_norm": 0.15184617042541504,
      "learning_rate": 0.0001309848532894565,
      "loss": 1.4029,
      "step": 40800
    },
    {
      "epoch": 2.9392404153641625,
      "grad_norm": 0.16098397970199585,
      "learning_rate": 0.00013023859375630055,
      "loss": 1.4021,
      "step": 40900
    },
    {
      "epoch": 2.9464266465452194,
      "grad_norm": 0.1211281344294548,
      "learning_rate": 0.00012949283165336611,
      "loss": 1.4021,
      "step": 41000
    },
    {
      "epoch": 2.9464266465452194,
      "eval_loss": 1.4118585586547852,
      "eval_runtime": 513.3617,
      "eval_samples_per_second": 2921.77,
      "eval_steps_per_second": 2.854,
      "step": 41000
    },
    {
      "epoch": 2.9536128777262762,
      "grad_norm": 0.14781831204891205,
      "learning_rate": 0.00012874758575282983,
      "loss": 1.4053,
      "step": 41100
    },
    {
      "epoch": 2.9607991089073336,
      "grad_norm": 0.13704361021518707,
      "learning_rate": 0.0001280028748138745,
      "loss": 1.4034,
      "step": 41200
    },
    {
      "epoch": 2.967985340088391,
      "grad_norm": 0.09634926915168762,
      "learning_rate": 0.0001272587175822171,
      "loss": 1.4041,
      "step": 41300
    },
    {
      "epoch": 2.9751715712694478,
      "grad_norm": 0.10212227702140808,
      "learning_rate": 0.00012651513278963674,
      "loss": 1.4066,
      "step": 41400
    },
    {
      "epoch": 2.9823578024505046,
      "grad_norm": 0.11160171031951904,
      "learning_rate": 0.00012577213915350322,
      "loss": 1.405,
      "step": 41500
    },
    {
      "epoch": 2.989544033631562,
      "grad_norm": 0.13687267899513245,
      "learning_rate": 0.00012502975537630577,
      "loss": 1.4049,
      "step": 41600
    },
    {
      "epoch": 2.9967302648126193,
      "grad_norm": 0.09246329963207245,
      "learning_rate": 0.0001242880001451825,
      "loss": 1.4035,
      "step": 41700
    },
    {
      "epoch": 3.003916495993676,
      "grad_norm": 0.14190275967121124,
      "learning_rate": 0.0001235468921314498,
      "loss": 1.4041,
      "step": 41800
    },
    {
      "epoch": 3.011102727174733,
      "grad_norm": 0.19915364682674408,
      "learning_rate": 0.00012280644999013255,
      "loss": 1.4027,
      "step": 41900
    },
    {
      "epoch": 3.0182889583557904,
      "grad_norm": 0.11885852366685867,
      "learning_rate": 0.00012206669235949427,
      "loss": 1.403,
      "step": 42000
    },
    {
      "epoch": 3.0182889583557904,
      "eval_loss": 1.4110803604125977,
      "eval_runtime": 514.3409,
      "eval_samples_per_second": 2916.208,
      "eval_steps_per_second": 2.848,
      "step": 42000
    },
    {
      "epoch": 3.0255111206927525,
      "grad_norm": 0.16862499713897705,
      "learning_rate": 0.00012132763786056816,
      "loss": 1.4026,
      "step": 42100
    },
    {
      "epoch": 3.03269735187381,
      "grad_norm": 0.10978425294160843,
      "learning_rate": 0.0001205893050966884,
      "loss": 1.4017,
      "step": 42200
    },
    {
      "epoch": 3.0398835830548667,
      "grad_norm": 0.13287489116191864,
      "learning_rate": 0.00011985171265302168,
      "loss": 1.4038,
      "step": 42300
    },
    {
      "epoch": 3.047069814235924,
      "grad_norm": 0.10123971104621887,
      "learning_rate": 0.00011911487909609958,
      "loss": 1.4027,
      "step": 42400
    },
    {
      "epoch": 3.054256045416981,
      "grad_norm": 0.13590171933174133,
      "learning_rate": 0.00011837882297335113,
      "loss": 1.4014,
      "step": 42500
    },
    {
      "epoch": 3.0614422765980382,
      "grad_norm": 0.12629565596580505,
      "learning_rate": 0.00011764356281263597,
      "loss": 1.4058,
      "step": 42600
    },
    {
      "epoch": 3.068628507779095,
      "grad_norm": 0.11599382013082504,
      "learning_rate": 0.00011690911712177777,
      "loss": 1.403,
      "step": 42700
    },
    {
      "epoch": 3.0758147389601525,
      "grad_norm": 0.1218709796667099,
      "learning_rate": 0.0001161755043880987,
      "loss": 1.403,
      "step": 42800
    },
    {
      "epoch": 3.0830009701412093,
      "grad_norm": 0.14698591828346252,
      "learning_rate": 0.00011544274307795386,
      "loss": 1.4038,
      "step": 42900
    },
    {
      "epoch": 3.0901872013222667,
      "grad_norm": 0.09643185883760452,
      "learning_rate": 0.00011471085163626649,
      "loss": 1.4038,
      "step": 43000
    },
    {
      "epoch": 3.0901872013222667,
      "eval_loss": 1.4107731580734253,
      "eval_runtime": 499.9864,
      "eval_samples_per_second": 2999.931,
      "eval_steps_per_second": 2.93,
      "step": 43000
    },
    {
      "epoch": 3.0973734325033235,
      "grad_norm": 0.18111392855644226,
      "learning_rate": 0.00011397984848606358,
      "loss": 1.4035,
      "step": 43100
    },
    {
      "epoch": 3.104559663684381,
      "grad_norm": 0.14555561542510986,
      "learning_rate": 0.00011324975202801236,
      "loss": 1.4037,
      "step": 43200
    },
    {
      "epoch": 3.1117458948654377,
      "grad_norm": 0.11115707457065582,
      "learning_rate": 0.00011252058063995686,
      "loss": 1.4069,
      "step": 43300
    },
    {
      "epoch": 3.118932126046495,
      "grad_norm": 0.09748641401529312,
      "learning_rate": 0.00011179235267645552,
      "loss": 1.4038,
      "step": 43400
    },
    {
      "epoch": 3.126118357227552,
      "grad_norm": 0.15077205002307892,
      "learning_rate": 0.00011106508646831902,
      "loss": 1.405,
      "step": 43500
    },
    {
      "epoch": 3.1333045884086093,
      "grad_norm": 0.1334899514913559,
      "learning_rate": 0.00011033880032214898,
      "loss": 1.4028,
      "step": 43600
    },
    {
      "epoch": 3.140490819589666,
      "grad_norm": 0.17957735061645508,
      "learning_rate": 0.00010961351251987713,
      "loss": 1.4053,
      "step": 43700
    },
    {
      "epoch": 3.1476770507707235,
      "grad_norm": 0.16660813987255096,
      "learning_rate": 0.00010888924131830489,
      "loss": 1.4026,
      "step": 43800
    },
    {
      "epoch": 3.1548632819517803,
      "grad_norm": 0.14316342771053314,
      "learning_rate": 0.00010816600494864416,
      "loss": 1.4042,
      "step": 43900
    },
    {
      "epoch": 3.1620495131328377,
      "grad_norm": 0.15695816278457642,
      "learning_rate": 0.00010744382161605832,
      "loss": 1.4027,
      "step": 44000
    },
    {
      "epoch": 3.1620495131328377,
      "eval_loss": 1.4108188152313232,
      "eval_runtime": 505.0622,
      "eval_samples_per_second": 2969.783,
      "eval_steps_per_second": 2.901,
      "step": 44000
    },
    {
      "epoch": 3.1692357443138945,
      "grad_norm": 0.11701458692550659,
      "learning_rate": 0.00010672270949920379,
      "loss": 1.4044,
      "step": 44100
    },
    {
      "epoch": 3.176421975494952,
      "grad_norm": 0.13054749369621277,
      "learning_rate": 0.00010600268674977253,
      "loss": 1.4027,
      "step": 44200
    },
    {
      "epoch": 3.1836082066760087,
      "grad_norm": 0.15388743579387665,
      "learning_rate": 0.0001052837714920353,
      "loss": 1.4034,
      "step": 44300
    },
    {
      "epoch": 3.190794437857066,
      "grad_norm": 0.10135182738304138,
      "learning_rate": 0.00010456598182238519,
      "loss": 1.404,
      "step": 44400
    },
    {
      "epoch": 3.197980669038123,
      "grad_norm": 0.18078184127807617,
      "learning_rate": 0.00010384933580888217,
      "loss": 1.4047,
      "step": 44500
    },
    {
      "epoch": 3.2051669002191803,
      "grad_norm": 0.11908862739801407,
      "learning_rate": 0.00010313385149079846,
      "loss": 1.4032,
      "step": 44600
    },
    {
      "epoch": 3.212353131400237,
      "grad_norm": 0.14148874580860138,
      "learning_rate": 0.00010241954687816421,
      "loss": 1.4039,
      "step": 44700
    },
    {
      "epoch": 3.219539362581294,
      "grad_norm": 0.1719520092010498,
      "learning_rate": 0.00010170643995131438,
      "loss": 1.4051,
      "step": 44800
    },
    {
      "epoch": 3.2267255937623514,
      "grad_norm": 0.12713976204395294,
      "learning_rate": 0.00010099454866043577,
      "loss": 1.4025,
      "step": 44900
    },
    {
      "epoch": 3.2339118249434082,
      "grad_norm": 0.09603646397590637,
      "learning_rate": 0.00010028389092511568,
      "loss": 1.402,
      "step": 45000
    },
    {
      "epoch": 3.2339118249434082,
      "eval_loss": 1.4108203649520874,
      "eval_runtime": 507.8609,
      "eval_samples_per_second": 2953.417,
      "eval_steps_per_second": 2.885,
      "step": 45000
    },
    {
      "epoch": 3.2410980561244656,
      "grad_norm": 0.10857545584440231,
      "learning_rate": 9.957448463389047e-05,
      "loss": 1.4025,
      "step": 45100
    },
    {
      "epoch": 3.2482842873055224,
      "grad_norm": 0.16388964653015137,
      "learning_rate": 9.886634764379545e-05,
      "loss": 1.4024,
      "step": 45200
    },
    {
      "epoch": 3.2554705184865798,
      "grad_norm": 0.11986266076564789,
      "learning_rate": 9.815949777991529e-05,
      "loss": 1.4034,
      "step": 45300
    },
    {
      "epoch": 3.2626567496676366,
      "grad_norm": 0.09987237304449081,
      "learning_rate": 9.74539528349354e-05,
      "loss": 1.406,
      "step": 45400
    },
    {
      "epoch": 3.269842980848694,
      "grad_norm": 0.13908961415290833,
      "learning_rate": 9.674973056869403e-05,
      "loss": 1.4045,
      "step": 45500
    },
    {
      "epoch": 3.277029212029751,
      "grad_norm": 0.10703073441982269,
      "learning_rate": 9.604684870773518e-05,
      "loss": 1.4014,
      "step": 45600
    },
    {
      "epoch": 3.284215443210808,
      "grad_norm": 0.12318357825279236,
      "learning_rate": 9.534532494486247e-05,
      "loss": 1.4059,
      "step": 45700
    },
    {
      "epoch": 3.291401674391865,
      "grad_norm": 0.0962916761636734,
      "learning_rate": 9.464517693869376e-05,
      "loss": 1.4029,
      "step": 45800
    },
    {
      "epoch": 3.2985879055729224,
      "grad_norm": 0.13386312127113342,
      "learning_rate": 9.394642231321664e-05,
      "loss": 1.4044,
      "step": 45900
    },
    {
      "epoch": 3.3057741367539792,
      "grad_norm": 0.0950172170996666,
      "learning_rate": 9.324907865734468e-05,
      "loss": 1.4049,
      "step": 46000
    },
    {
      "epoch": 3.3057741367539792,
      "eval_loss": 1.3963987827301025,
      "eval_runtime": 513.5499,
      "eval_samples_per_second": 2920.7,
      "eval_steps_per_second": 2.853,
      "step": 46000
    },
    {
      "epoch": 3.3129603679350366,
      "grad_norm": 0.13804760575294495,
      "learning_rate": 9.255316352447492e-05,
      "loss": 1.4033,
      "step": 46100
    },
    {
      "epoch": 3.3201465991160934,
      "grad_norm": 0.11252757906913757,
      "learning_rate": 9.185869443204588e-05,
      "loss": 1.4031,
      "step": 46200
    },
    {
      "epoch": 3.3273328302971508,
      "grad_norm": 0.14508025348186493,
      "learning_rate": 9.116568886109668e-05,
      "loss": 1.403,
      "step": 46300
    },
    {
      "epoch": 3.3345190614782076,
      "grad_norm": 0.09373064339160919,
      "learning_rate": 9.047416425582678e-05,
      "loss": 1.4005,
      "step": 46400
    },
    {
      "epoch": 3.341705292659265,
      "grad_norm": 0.11381220817565918,
      "learning_rate": 8.978413802315732e-05,
      "loss": 1.4035,
      "step": 46500
    },
    {
      "epoch": 3.348891523840322,
      "grad_norm": 0.13213156163692474,
      "learning_rate": 8.90956275322925e-05,
      "loss": 1.4024,
      "step": 46600
    },
    {
      "epoch": 3.356077755021379,
      "grad_norm": 0.10481733083724976,
      "learning_rate": 8.840865011428264e-05,
      "loss": 1.4036,
      "step": 46700
    },
    {
      "epoch": 3.363263986202436,
      "grad_norm": 0.12653818726539612,
      "learning_rate": 8.772322306158788e-05,
      "loss": 1.4053,
      "step": 46800
    },
    {
      "epoch": 3.3704502173834934,
      "grad_norm": 0.17633816599845886,
      "learning_rate": 8.703936362764285e-05,
      "loss": 1.4035,
      "step": 46900
    },
    {
      "epoch": 3.3776364485645503,
      "grad_norm": 0.11645717173814774,
      "learning_rate": 8.635708902642232e-05,
      "loss": 1.4041,
      "step": 47000
    },
    {
      "epoch": 3.3776364485645503,
      "eval_loss": 1.3969299793243408,
      "eval_runtime": 519.7235,
      "eval_samples_per_second": 2886.006,
      "eval_steps_per_second": 2.819,
      "step": 47000
    }
  ],
  "logging_steps": 100,
  "max_steps": 69575,
  "num_input_tokens_seen": 0,
  "num_train_epochs": 5,
  "save_steps": 1000,
  "stateful_callbacks": {
    "TrainerControl": {
      "args": {
        "should_epoch_stop": false,
        "should_evaluate": false,
        "should_log": false,
        "should_save": true,
        "should_training_stop": false
      },
      "attributes": {}
    }
  },
  "total_flos": 0.0,
  "train_batch_size": 1024,
  "trial_name": null,
  "trial_params": null
}
