{
  "best_metric": null,
  "best_model_checkpoint": null,
  "epoch": 0.8623477417268514,
  "eval_steps": 1000,
  "global_step": 8000,
  "is_hyper_param_search": false,
  "is_local_process_zero": true,
  "is_world_process_zero": true,
  "log_history": [
    {
      "epoch": 0.015398829688943641,
      "grad_norm": 0.22298969328403473,
      "learning_rate": 4.615384615384615e-05,
      "loss": 1.6343,
      "step": 100
    },
    {
      "epoch": 0.030797659377887282,
      "grad_norm": 0.1717439442873001,
      "learning_rate": 9.23076923076923e-05,
      "loss": 1.5898,
      "step": 200
    },
    {
      "epoch": 0.04619648906683092,
      "grad_norm": 0.1760905236005783,
      "learning_rate": 0.00013846153846153845,
      "loss": 1.5241,
      "step": 300
    },
    {
      "epoch": 0.061595318755774564,
      "grad_norm": 0.19434599578380585,
      "learning_rate": 0.0001846153846153846,
      "loss": 1.4731,
      "step": 400
    },
    {
      "epoch": 0.0769941484447182,
      "grad_norm": 0.1805419772863388,
      "learning_rate": 0.00023076923076923076,
      "loss": 1.4576,
      "step": 500
    },
    {
      "epoch": 0.09239297813366185,
      "grad_norm": 0.16494913399219513,
      "learning_rate": 0.0002769230769230769,
      "loss": 1.4478,
      "step": 600
    },
    {
      "epoch": 0.10779180782260549,
      "grad_norm": 0.33617520332336426,
      "learning_rate": 0.00029994581807188663,
      "loss": 1.4448,
      "step": 700
    },
    {
      "epoch": 0.12319063751154913,
      "grad_norm": 0.1388871967792511,
      "learning_rate": 0.0002995125974732089,
      "loss": 1.4416,
      "step": 800
    },
    {
      "epoch": 0.13858946720049276,
      "grad_norm": 0.14001338183879852,
      "learning_rate": 0.00029864740792854736,
      "loss": 1.4385,
      "step": 900
    },
    {
      "epoch": 0.1539882968894364,
      "grad_norm": 0.19112272560596466,
      "learning_rate": 0.00029735274912703853,
      "loss": 1.4387,
      "step": 1000
    },
    {
      "epoch": 0.1539882968894364,
      "eval_loss": 1.4452825784683228,
      "eval_runtime": 234.6812,
      "eval_samples_per_second": 2982.62,
      "eval_steps_per_second": 2.915,
      "step": 1000
    },
    {
      "epoch": 0.16938712657838004,
      "grad_norm": 0.17063066363334656,
      "learning_rate": 0.0002956323615722075,
      "loss": 1.4368,
      "step": 1100
    },
    {
      "epoch": 0.1847859562673237,
      "grad_norm": 0.14950209856033325,
      "learning_rate": 0.00029349121577497644,
      "loss": 1.4347,
      "step": 1200
    },
    {
      "epoch": 0.20018478595626732,
      "grad_norm": 0.10366609692573547,
      "learning_rate": 0.0002909354978929593,
      "loss": 1.4359,
      "step": 1300
    },
    {
      "epoch": 0.21558361564521097,
      "grad_norm": 0.29144182801246643,
      "learning_rate": 0.00028797259185753287,
      "loss": 1.4335,
      "step": 1400
    },
    {
      "epoch": 0.2309824453341546,
      "grad_norm": 0.22645702958106995,
      "learning_rate": 0.0002846110580403235,
      "loss": 1.4335,
      "step": 1500
    },
    {
      "epoch": 0.24638127502309826,
      "grad_norm": 0.17423392832279205,
      "learning_rate": 0.0002808606085207441,
      "loss": 1.4314,
      "step": 1600
    },
    {
      "epoch": 0.2617801047120419,
      "grad_norm": 0.16137103736400604,
      "learning_rate": 0.00027673207902604007,
      "loss": 1.4294,
      "step": 1700
    },
    {
      "epoch": 0.2771789344009855,
      "grad_norm": 0.1820661872625351,
      "learning_rate": 0.0002722373976249119,
      "loss": 1.4325,
      "step": 1800
    },
    {
      "epoch": 0.29257776408992914,
      "grad_norm": 0.17799685895442963,
      "learning_rate": 0.00026738955026516745,
      "loss": 1.4309,
      "step": 1900
    },
    {
      "epoch": 0.3079765937788728,
      "grad_norm": 0.26150718331336975,
      "learning_rate": 0.0002622025432549684,
      "loss": 1.4308,
      "step": 2000
    },
    {
      "epoch": 0.3079765937788728,
      "eval_loss": 1.4417660236358643,
      "eval_runtime": 231.8509,
      "eval_samples_per_second": 3019.03,
      "eval_steps_per_second": 2.95,
      "step": 2000
    },
    {
      "epoch": 0.32337542346781645,
      "grad_norm": 0.24050956964492798,
      "learning_rate": 0.0002566913627960723,
      "loss": 1.4285,
      "step": 2100
    },
    {
      "epoch": 0.3387742531567601,
      "grad_norm": 0.24433378875255585,
      "learning_rate": 0.00025087193168598363,
      "loss": 1.4289,
      "step": 2200
    },
    {
      "epoch": 0.3541730828457037,
      "grad_norm": 0.15218055248260498,
      "learning_rate": 0.0002447610633141113,
      "loss": 1.4287,
      "step": 2300
    },
    {
      "epoch": 0.3695719125346474,
      "grad_norm": 0.17753228545188904,
      "learning_rate": 0.0002383764130848444,
      "loss": 1.4279,
      "step": 2400
    },
    {
      "epoch": 0.384970742223591,
      "grad_norm": 0.16550011932849884,
      "learning_rate": 0.00023173642740789436,
      "loss": 1.427,
      "step": 2500
    },
    {
      "epoch": 0.40036957191253464,
      "grad_norm": 0.19161424040794373,
      "learning_rate": 0.00022486029040327975,
      "loss": 1.427,
      "step": 2600
    },
    {
      "epoch": 0.41576840160147827,
      "grad_norm": 0.19965963065624237,
      "learning_rate": 0.0002177678684749326,
      "loss": 1.4302,
      "step": 2700
    },
    {
      "epoch": 0.43116723129042195,
      "grad_norm": 0.3662303686141968,
      "learning_rate": 0.0002104796529130628,
      "loss": 1.4274,
      "step": 2800
    },
    {
      "epoch": 0.4465660609793656,
      "grad_norm": 0.16889432072639465,
      "learning_rate": 0.00020301670069111313,
      "loss": 1.4266,
      "step": 2900
    },
    {
      "epoch": 0.4619648906683092,
      "grad_norm": 0.12716346979141235,
      "learning_rate": 0.0001954005736283533,
      "loss": 1.4294,
      "step": 3000
    },
    {
      "epoch": 0.4619648906683092,
      "eval_loss": 1.4414345026016235,
      "eval_runtime": 233.5179,
      "eval_samples_per_second": 2997.479,
      "eval_steps_per_second": 2.929,
      "step": 3000
    },
    {
      "epoch": 0.47736372035725283,
      "grad_norm": 0.14613443613052368,
      "learning_rate": 0.0001876532760938824,
      "loss": 1.4266,
      "step": 3100
    },
    {
      "epoch": 0.4927625500461965,
      "grad_norm": 0.2175542712211609,
      "learning_rate": 0.0001797971914320256,
      "loss": 1.426,
      "step": 3200
    },
    {
      "epoch": 0.5081613797351401,
      "grad_norm": 0.1404496282339096,
      "learning_rate": 0.00017185501729280236,
      "loss": 1.4254,
      "step": 3300
    },
    {
      "epoch": 0.5235602094240838,
      "grad_norm": 0.1560775637626648,
      "learning_rate": 0.00016384970005430867,
      "loss": 1.4277,
      "step": 3400
    },
    {
      "epoch": 0.5389590391130274,
      "grad_norm": 0.17110952734947205,
      "learning_rate": 0.00015580436852647914,
      "loss": 1.4287,
      "step": 3500
    },
    {
      "epoch": 0.554357868801971,
      "grad_norm": 0.2449888437986374,
      "learning_rate": 0.00014774226712777004,
      "loss": 1.4236,
      "step": 3600
    },
    {
      "epoch": 0.5697566984909147,
      "grad_norm": 0.17288559675216675,
      "learning_rate": 0.0001396866887278291,
      "loss": 1.4288,
      "step": 3700
    },
    {
      "epoch": 0.5851555281798583,
      "grad_norm": 0.2189144343137741,
      "learning_rate": 0.00013166090735018012,
      "loss": 1.4272,
      "step": 3800
    },
    {
      "epoch": 0.600554357868802,
      "grad_norm": 0.17010454833507538,
      "learning_rate": 0.00012368811092935834,
      "loss": 1.4238,
      "step": 3900
    },
    {
      "epoch": 0.6159531875577456,
      "grad_norm": 0.15747801959514618,
      "learning_rate": 0.00011579133431677196,
      "loss": 1.425,
      "step": 4000
    },
    {
      "epoch": 0.6159531875577456,
      "eval_loss": 1.4376062154769897,
      "eval_runtime": 235.4645,
      "eval_samples_per_second": 2972.698,
      "eval_steps_per_second": 2.905,
      "step": 4000
    },
    {
      "epoch": 0.6313520172466892,
      "grad_norm": 0.1302894651889801,
      "learning_rate": 0.00010799339272884858,
      "loss": 1.4256,
      "step": 4100
    },
    {
      "epoch": 0.6467508469356329,
      "grad_norm": 0.20007748901844025,
      "learning_rate": 0.00010031681582974703,
      "loss": 1.4249,
      "step": 4200
    },
    {
      "epoch": 0.6621496766245766,
      "grad_norm": 0.10932864993810654,
      "learning_rate": 9.278378263908114e-05,
      "loss": 1.4226,
      "step": 4300
    },
    {
      "epoch": 0.6775485063135201,
      "grad_norm": 0.14369377493858337,
      "learning_rate": 8.541605745271904e-05,
      "loss": 1.4245,
      "step": 4400
    },
    {
      "epoch": 0.6929473360024638,
      "grad_norm": 0.13949905335903168,
      "learning_rate": 7.823492696179482e-05,
      "loss": 1.4224,
      "step": 4500
    },
    {
      "epoch": 0.7083461656914074,
      "grad_norm": 0.14703063666820526,
      "learning_rate": 7.126113875160596e-05,
      "loss": 1.4229,
      "step": 4600
    },
    {
      "epoch": 0.7237449953803511,
      "grad_norm": 0.16903407871723175,
      "learning_rate": 6.451484135808578e-05,
      "loss": 1.4234,
      "step": 4700
    },
    {
      "epoch": 0.7391438250692948,
      "grad_norm": 0.25243714451789856,
      "learning_rate": 5.8015526055037516e-05,
      "loss": 1.4249,
      "step": 4800
    },
    {
      "epoch": 0.7545426547582383,
      "grad_norm": 0.12795352935791016,
      "learning_rate": 5.178197054031744e-05,
      "loss": 1.4226,
      "step": 4900
    },
    {
      "epoch": 0.769941484447182,
      "grad_norm": 0.19195407629013062,
      "learning_rate": 4.583218468366856e-05,
      "loss": 1.4242,
      "step": 5000
    },
    {
      "epoch": 0.769941484447182,
      "eval_loss": 1.4362421035766602,
      "eval_runtime": 238.2116,
      "eval_samples_per_second": 2938.417,
      "eval_steps_per_second": 2.871,
      "step": 5000
    },
    {
      "epoch": 0.7853403141361257,
      "grad_norm": 0.1386619657278061,
      "learning_rate": 4.018335849294818e-05,
      "loss": 1.4214,
      "step": 5100
    },
    {
      "epoch": 0.8007391438250693,
      "grad_norm": 0.17987388372421265,
      "learning_rate": 3.4851812449084905e-05,
      "loss": 1.4206,
      "step": 5200
    },
    {
      "epoch": 0.816137973514013,
      "grad_norm": 0.1893126517534256,
      "learning_rate": 2.9852950353256412e-05,
      "loss": 1.4225,
      "step": 5300
    },
    {
      "epoch": 0.8315368032029565,
      "grad_norm": 0.14464952051639557,
      "learning_rate": 2.5201214822520732e-05,
      "loss": 1.4241,
      "step": 5400
    },
    {
      "epoch": 0.8469356328919002,
      "grad_norm": 0.1454939842224121,
      "learning_rate": 2.0910045562482313e-05,
      "loss": 1.4229,
      "step": 5500
    },
    {
      "epoch": 0.8623344625808439,
      "grad_norm": 0.17003336548805237,
      "learning_rate": 1.6991840537551044e-05,
      "loss": 1.4228,
      "step": 5600
    },
    {
      "epoch": 0.8777332922697875,
      "grad_norm": 0.15592171251773834,
      "learning_rate": 1.3457920150979706e-05,
      "loss": 1.4229,
      "step": 5700
    },
    {
      "epoch": 0.8931321219587312,
      "grad_norm": 0.14087265729904175,
      "learning_rate": 1.0318494538170796e-05,
      "loss": 1.4229,
      "step": 5800
    },
    {
      "epoch": 0.9085309516476747,
      "grad_norm": 0.19235000014305115,
      "learning_rate": 7.5826340677479505e-06,
      "loss": 1.4229,
      "step": 5900
    },
    {
      "epoch": 0.9239297813366184,
      "grad_norm": 0.19088076055049896,
      "learning_rate": 5.258243135619861e-06,
      "loss": 1.4237,
      "step": 6000
    },
    {
      "epoch": 0.9239297813366184,
      "eval_loss": 1.4365726709365845,
      "eval_runtime": 236.3838,
      "eval_samples_per_second": 2961.138,
      "eval_steps_per_second": 2.894,
      "step": 6000
    },
    {
      "epoch": 0.9393286110255621,
      "grad_norm": 0.12905944883823395,
      "learning_rate": 3.3520373277503677e-06,
      "loss": 1.4233,
      "step": 6100
    },
    {
      "epoch": 0.9547274407145057,
      "grad_norm": 0.15078094601631165,
      "learning_rate": 1.8695240176154868e-06,
      "loss": 1.4217,
      "step": 6200
    },
    {
      "epoch": 0.9701262704034493,
      "grad_norm": 0.1901002675294876,
      "learning_rate": 8.149864544049645e-07,
      "loss": 1.4209,
      "step": 6300
    },
    {
      "epoch": 0.985525100092393,
      "grad_norm": 0.16777673363685608,
      "learning_rate": 1.9147138794040063e-07,
      "loss": 1.4205,
      "step": 6400
    },
    {
      "epoch": 0.7006575401530667,
      "grad_norm": 0.1564037799835205,
      "learning_rate": 7.470690727194538e-05,
      "loss": 1.4223,
      "step": 6500
    },
    {
      "epoch": 0.7114368869246523,
      "grad_norm": 0.22197169065475464,
      "learning_rate": 6.987967168439667e-05,
      "loss": 1.4222,
      "step": 6600
    },
    {
      "epoch": 0.722216233696238,
      "grad_norm": 0.1028497964143753,
      "learning_rate": 6.516586462586375e-05,
      "loss": 1.4224,
      "step": 6700
    },
    {
      "epoch": 0.7329955804678236,
      "grad_norm": 0.2336248904466629,
      "learning_rate": 6.0572159561270625e-05,
      "loss": 1.4229,
      "step": 6800
    },
    {
      "epoch": 0.7437749272394093,
      "grad_norm": 0.18482652306556702,
      "learning_rate": 5.610505992388028e-05,
      "loss": 1.4212,
      "step": 6900
    },
    {
      "epoch": 0.754554274010995,
      "grad_norm": 0.15534910559654236,
      "learning_rate": 5.1770889908207245e-05,
      "loss": 1.4204,
      "step": 7000
    },
    {
      "epoch": 0.754554274010995,
      "eval_loss": 1.3931763172149658,
      "eval_runtime": 325.8217,
      "eval_samples_per_second": 3069.01,
      "eval_steps_per_second": 2.999,
      "step": 7000
    },
    {
      "epoch": 0.7653336207825806,
      "grad_norm": 0.23148557543754578,
      "learning_rate": 4.7575785516683333e-05,
      "loss": 1.4227,
      "step": 7100
    },
    {
      "epoch": 0.7761129675541663,
      "grad_norm": 0.22061187028884888,
      "learning_rate": 4.352568587275203e-05,
      "loss": 1.4241,
      "step": 7200
    },
    {
      "epoch": 0.7868923143257519,
      "grad_norm": 0.145369291305542,
      "learning_rate": 3.962632481268978e-05,
      "loss": 1.4205,
      "step": 7300
    },
    {
      "epoch": 0.7976716610973374,
      "grad_norm": 0.10878299176692963,
      "learning_rate": 3.588322276805803e-05,
      "loss": 1.42,
      "step": 7400
    },
    {
      "epoch": 0.8084510078689231,
      "grad_norm": 0.17009234428405762,
      "learning_rate": 3.2301678950277925e-05,
      "loss": 1.4243,
      "step": 7500
    },
    {
      "epoch": 0.8192303546405088,
      "grad_norm": 0.16996809840202332,
      "learning_rate": 2.8886763848392623e-05,
      "loss": 1.4223,
      "step": 7600
    },
    {
      "epoch": 0.8300097014120944,
      "grad_norm": 0.09601191431283951,
      "learning_rate": 2.564331205063787e-05,
      "loss": 1.4224,
      "step": 7700
    },
    {
      "epoch": 0.84078904818368,
      "grad_norm": 0.13382260501384735,
      "learning_rate": 2.257591539998399e-05,
      "loss": 1.4211,
      "step": 7800
    },
    {
      "epoch": 0.8515683949552657,
      "grad_norm": 0.1555667668581009,
      "learning_rate": 1.96889164933387e-05,
      "loss": 1.4231,
      "step": 7900
    },
    {
      "epoch": 0.8623477417268514,
      "grad_norm": 0.12945641577243805,
      "learning_rate": 1.6986402533614625e-05,
      "loss": 1.4219,
      "step": 8000
    },
    {
      "epoch": 0.8623477417268514,
      "eval_loss": 1.3908790349960327,
      "eval_runtime": 336.0472,
      "eval_samples_per_second": 2975.623,
      "eval_steps_per_second": 2.907,
      "step": 8000
    }
  ],
  "logging_steps": 100,
  "max_steps": 9277,
  "num_input_tokens_seen": 0,
  "num_train_epochs": 1,
  "save_steps": 1000,
  "stateful_callbacks": {
    "TrainerControl": {
      "args": {
        "should_epoch_stop": false,
        "should_evaluate": false,
        "should_log": false,
        "should_save": true,
        "should_training_stop": false
      },
      "attributes": {}
    }
  },
  "total_flos": 0.0,
  "train_batch_size": 1024,
  "trial_name": null,
  "trial_params": null
}
