{
  "best_metric": null,
  "best_model_checkpoint": null,
  "epoch": 1.8684560382307498,
  "eval_steps": 1000,
  "global_step": 26000,
  "is_hyper_param_search": false,
  "is_local_process_zero": true,
  "is_world_process_zero": true,
  "log_history": [
    {
      "epoch": 0.015398829688943641,
      "grad_norm": 0.22298969328403473,
      "learning_rate": 4.615384615384615e-05,
      "loss": 1.6343,
      "step": 100
    },
    {
      "epoch": 0.030797659377887282,
      "grad_norm": 0.1717439442873001,
      "learning_rate": 9.23076923076923e-05,
      "loss": 1.5898,
      "step": 200
    },
    {
      "epoch": 0.04619648906683092,
      "grad_norm": 0.1760905236005783,
      "learning_rate": 0.00013846153846153845,
      "loss": 1.5241,
      "step": 300
    },
    {
      "epoch": 0.061595318755774564,
      "grad_norm": 0.19434599578380585,
      "learning_rate": 0.0001846153846153846,
      "loss": 1.4731,
      "step": 400
    },
    {
      "epoch": 0.0769941484447182,
      "grad_norm": 0.1805419772863388,
      "learning_rate": 0.00023076923076923076,
      "loss": 1.4576,
      "step": 500
    },
    {
      "epoch": 0.09239297813366185,
      "grad_norm": 0.16494913399219513,
      "learning_rate": 0.0002769230769230769,
      "loss": 1.4478,
      "step": 600
    },
    {
      "epoch": 0.10779180782260549,
      "grad_norm": 0.33617520332336426,
      "learning_rate": 0.00029994581807188663,
      "loss": 1.4448,
      "step": 700
    },
    {
      "epoch": 0.12319063751154913,
      "grad_norm": 0.1388871967792511,
      "learning_rate": 0.0002995125974732089,
      "loss": 1.4416,
      "step": 800
    },
    {
      "epoch": 0.13858946720049276,
      "grad_norm": 0.14001338183879852,
      "learning_rate": 0.00029864740792854736,
      "loss": 1.4385,
      "step": 900
    },
    {
      "epoch": 0.1539882968894364,
      "grad_norm": 0.19112272560596466,
      "learning_rate": 0.00029735274912703853,
      "loss": 1.4387,
      "step": 1000
    },
    {
      "epoch": 0.1539882968894364,
      "eval_loss": 1.4452825784683228,
      "eval_runtime": 234.6812,
      "eval_samples_per_second": 2982.62,
      "eval_steps_per_second": 2.915,
      "step": 1000
    },
    {
      "epoch": 0.16938712657838004,
      "grad_norm": 0.17063066363334656,
      "learning_rate": 0.0002956323615722075,
      "loss": 1.4368,
      "step": 1100
    },
    {
      "epoch": 0.1847859562673237,
      "grad_norm": 0.14950209856033325,
      "learning_rate": 0.00029349121577497644,
      "loss": 1.4347,
      "step": 1200
    },
    {
      "epoch": 0.20018478595626732,
      "grad_norm": 0.10366609692573547,
      "learning_rate": 0.0002909354978929593,
      "loss": 1.4359,
      "step": 1300
    },
    {
      "epoch": 0.21558361564521097,
      "grad_norm": 0.29144182801246643,
      "learning_rate": 0.00028797259185753287,
      "loss": 1.4335,
      "step": 1400
    },
    {
      "epoch": 0.2309824453341546,
      "grad_norm": 0.22645702958106995,
      "learning_rate": 0.0002846110580403235,
      "loss": 1.4335,
      "step": 1500
    },
    {
      "epoch": 0.24638127502309826,
      "grad_norm": 0.17423392832279205,
      "learning_rate": 0.0002808606085207441,
      "loss": 1.4314,
      "step": 1600
    },
    {
      "epoch": 0.2617801047120419,
      "grad_norm": 0.16137103736400604,
      "learning_rate": 0.00027673207902604007,
      "loss": 1.4294,
      "step": 1700
    },
    {
      "epoch": 0.2771789344009855,
      "grad_norm": 0.1820661872625351,
      "learning_rate": 0.0002722373976249119,
      "loss": 1.4325,
      "step": 1800
    },
    {
      "epoch": 0.29257776408992914,
      "grad_norm": 0.17799685895442963,
      "learning_rate": 0.00026738955026516745,
      "loss": 1.4309,
      "step": 1900
    },
    {
      "epoch": 0.3079765937788728,
      "grad_norm": 0.26150718331336975,
      "learning_rate": 0.0002622025432549684,
      "loss": 1.4308,
      "step": 2000
    },
    {
      "epoch": 0.3079765937788728,
      "eval_loss": 1.4417660236358643,
      "eval_runtime": 231.8509,
      "eval_samples_per_second": 3019.03,
      "eval_steps_per_second": 2.95,
      "step": 2000
    },
    {
      "epoch": 0.32337542346781645,
      "grad_norm": 0.24050956964492798,
      "learning_rate": 0.0002566913627960723,
      "loss": 1.4285,
      "step": 2100
    },
    {
      "epoch": 0.3387742531567601,
      "grad_norm": 0.24433378875255585,
      "learning_rate": 0.00025087193168598363,
      "loss": 1.4289,
      "step": 2200
    },
    {
      "epoch": 0.3541730828457037,
      "grad_norm": 0.15218055248260498,
      "learning_rate": 0.0002447610633141113,
      "loss": 1.4287,
      "step": 2300
    },
    {
      "epoch": 0.3695719125346474,
      "grad_norm": 0.17753228545188904,
      "learning_rate": 0.0002383764130848444,
      "loss": 1.4279,
      "step": 2400
    },
    {
      "epoch": 0.384970742223591,
      "grad_norm": 0.16550011932849884,
      "learning_rate": 0.00023173642740789436,
      "loss": 1.427,
      "step": 2500
    },
    {
      "epoch": 0.40036957191253464,
      "grad_norm": 0.19161424040794373,
      "learning_rate": 0.00022486029040327975,
      "loss": 1.427,
      "step": 2600
    },
    {
      "epoch": 0.41576840160147827,
      "grad_norm": 0.19965963065624237,
      "learning_rate": 0.0002177678684749326,
      "loss": 1.4302,
      "step": 2700
    },
    {
      "epoch": 0.43116723129042195,
      "grad_norm": 0.3662303686141968,
      "learning_rate": 0.0002104796529130628,
      "loss": 1.4274,
      "step": 2800
    },
    {
      "epoch": 0.4465660609793656,
      "grad_norm": 0.16889432072639465,
      "learning_rate": 0.00020301670069111313,
      "loss": 1.4266,
      "step": 2900
    },
    {
      "epoch": 0.4619648906683092,
      "grad_norm": 0.12716346979141235,
      "learning_rate": 0.0001954005736283533,
      "loss": 1.4294,
      "step": 3000
    },
    {
      "epoch": 0.4619648906683092,
      "eval_loss": 1.4414345026016235,
      "eval_runtime": 233.5179,
      "eval_samples_per_second": 2997.479,
      "eval_steps_per_second": 2.929,
      "step": 3000
    },
    {
      "epoch": 0.47736372035725283,
      "grad_norm": 0.14613443613052368,
      "learning_rate": 0.0001876532760938824,
      "loss": 1.4266,
      "step": 3100
    },
    {
      "epoch": 0.4927625500461965,
      "grad_norm": 0.2175542712211609,
      "learning_rate": 0.0001797971914320256,
      "loss": 1.426,
      "step": 3200
    },
    {
      "epoch": 0.5081613797351401,
      "grad_norm": 0.1404496282339096,
      "learning_rate": 0.00017185501729280236,
      "loss": 1.4254,
      "step": 3300
    },
    {
      "epoch": 0.5235602094240838,
      "grad_norm": 0.1560775637626648,
      "learning_rate": 0.00016384970005430867,
      "loss": 1.4277,
      "step": 3400
    },
    {
      "epoch": 0.5389590391130274,
      "grad_norm": 0.17110952734947205,
      "learning_rate": 0.00015580436852647914,
      "loss": 1.4287,
      "step": 3500
    },
    {
      "epoch": 0.554357868801971,
      "grad_norm": 0.2449888437986374,
      "learning_rate": 0.00014774226712777004,
      "loss": 1.4236,
      "step": 3600
    },
    {
      "epoch": 0.5697566984909147,
      "grad_norm": 0.17288559675216675,
      "learning_rate": 0.0001396866887278291,
      "loss": 1.4288,
      "step": 3700
    },
    {
      "epoch": 0.5851555281798583,
      "grad_norm": 0.2189144343137741,
      "learning_rate": 0.00013166090735018012,
      "loss": 1.4272,
      "step": 3800
    },
    {
      "epoch": 0.600554357868802,
      "grad_norm": 0.17010454833507538,
      "learning_rate": 0.00012368811092935834,
      "loss": 1.4238,
      "step": 3900
    },
    {
      "epoch": 0.6159531875577456,
      "grad_norm": 0.15747801959514618,
      "learning_rate": 0.00011579133431677196,
      "loss": 1.425,
      "step": 4000
    },
    {
      "epoch": 0.6159531875577456,
      "eval_loss": 1.4376062154769897,
      "eval_runtime": 235.4645,
      "eval_samples_per_second": 2972.698,
      "eval_steps_per_second": 2.905,
      "step": 4000
    },
    {
      "epoch": 0.6313520172466892,
      "grad_norm": 0.1302894651889801,
      "learning_rate": 0.00010799339272884858,
      "loss": 1.4256,
      "step": 4100
    },
    {
      "epoch": 0.6467508469356329,
      "grad_norm": 0.20007748901844025,
      "learning_rate": 0.00010031681582974703,
      "loss": 1.4249,
      "step": 4200
    },
    {
      "epoch": 0.6621496766245766,
      "grad_norm": 0.10932864993810654,
      "learning_rate": 9.278378263908114e-05,
      "loss": 1.4226,
      "step": 4300
    },
    {
      "epoch": 0.6775485063135201,
      "grad_norm": 0.14369377493858337,
      "learning_rate": 8.541605745271904e-05,
      "loss": 1.4245,
      "step": 4400
    },
    {
      "epoch": 0.6929473360024638,
      "grad_norm": 0.13949905335903168,
      "learning_rate": 7.823492696179482e-05,
      "loss": 1.4224,
      "step": 4500
    },
    {
      "epoch": 0.7083461656914074,
      "grad_norm": 0.14703063666820526,
      "learning_rate": 7.126113875160596e-05,
      "loss": 1.4229,
      "step": 4600
    },
    {
      "epoch": 0.7237449953803511,
      "grad_norm": 0.16903407871723175,
      "learning_rate": 6.451484135808578e-05,
      "loss": 1.4234,
      "step": 4700
    },
    {
      "epoch": 0.7391438250692948,
      "grad_norm": 0.25243714451789856,
      "learning_rate": 5.8015526055037516e-05,
      "loss": 1.4249,
      "step": 4800
    },
    {
      "epoch": 0.7545426547582383,
      "grad_norm": 0.12795352935791016,
      "learning_rate": 5.178197054031744e-05,
      "loss": 1.4226,
      "step": 4900
    },
    {
      "epoch": 0.769941484447182,
      "grad_norm": 0.19195407629013062,
      "learning_rate": 4.583218468366856e-05,
      "loss": 1.4242,
      "step": 5000
    },
    {
      "epoch": 0.769941484447182,
      "eval_loss": 1.4362421035766602,
      "eval_runtime": 238.2116,
      "eval_samples_per_second": 2938.417,
      "eval_steps_per_second": 2.871,
      "step": 5000
    },
    {
      "epoch": 0.7853403141361257,
      "grad_norm": 0.1386619657278061,
      "learning_rate": 4.018335849294818e-05,
      "loss": 1.4214,
      "step": 5100
    },
    {
      "epoch": 0.8007391438250693,
      "grad_norm": 0.17987388372421265,
      "learning_rate": 3.4851812449084905e-05,
      "loss": 1.4206,
      "step": 5200
    },
    {
      "epoch": 0.816137973514013,
      "grad_norm": 0.1893126517534256,
      "learning_rate": 2.9852950353256412e-05,
      "loss": 1.4225,
      "step": 5300
    },
    {
      "epoch": 0.8315368032029565,
      "grad_norm": 0.14464952051639557,
      "learning_rate": 2.5201214822520732e-05,
      "loss": 1.4241,
      "step": 5400
    },
    {
      "epoch": 0.8469356328919002,
      "grad_norm": 0.1454939842224121,
      "learning_rate": 2.0910045562482313e-05,
      "loss": 1.4229,
      "step": 5500
    },
    {
      "epoch": 0.8623344625808439,
      "grad_norm": 0.17003336548805237,
      "learning_rate": 1.6991840537551044e-05,
      "loss": 1.4228,
      "step": 5600
    },
    {
      "epoch": 0.8777332922697875,
      "grad_norm": 0.15592171251773834,
      "learning_rate": 1.3457920150979706e-05,
      "loss": 1.4229,
      "step": 5700
    },
    {
      "epoch": 0.8931321219587312,
      "grad_norm": 0.14087265729904175,
      "learning_rate": 1.0318494538170796e-05,
      "loss": 1.4229,
      "step": 5800
    },
    {
      "epoch": 0.9085309516476747,
      "grad_norm": 0.19235000014305115,
      "learning_rate": 7.5826340677479505e-06,
      "loss": 1.4229,
      "step": 5900
    },
    {
      "epoch": 0.9239297813366184,
      "grad_norm": 0.19088076055049896,
      "learning_rate": 5.258243135619861e-06,
      "loss": 1.4237,
      "step": 6000
    },
    {
      "epoch": 0.9239297813366184,
      "eval_loss": 1.4365726709365845,
      "eval_runtime": 236.3838,
      "eval_samples_per_second": 2961.138,
      "eval_steps_per_second": 2.894,
      "step": 6000
    },
    {
      "epoch": 0.9393286110255621,
      "grad_norm": 0.12905944883823395,
      "learning_rate": 3.3520373277503677e-06,
      "loss": 1.4233,
      "step": 6100
    },
    {
      "epoch": 0.9547274407145057,
      "grad_norm": 0.15078094601631165,
      "learning_rate": 1.8695240176154868e-06,
      "loss": 1.4217,
      "step": 6200
    },
    {
      "epoch": 0.9701262704034493,
      "grad_norm": 0.1901002675294876,
      "learning_rate": 8.149864544049645e-07,
      "loss": 1.4209,
      "step": 6300
    },
    {
      "epoch": 0.985525100092393,
      "grad_norm": 0.16777673363685608,
      "learning_rate": 1.9147138794040063e-07,
      "loss": 1.4205,
      "step": 6400
    },
    {
      "epoch": 0.7006575401530667,
      "grad_norm": 0.1564037799835205,
      "learning_rate": 7.470690727194538e-05,
      "loss": 1.4223,
      "step": 6500
    },
    {
      "epoch": 0.7114368869246523,
      "grad_norm": 0.22197169065475464,
      "learning_rate": 6.987967168439667e-05,
      "loss": 1.4222,
      "step": 6600
    },
    {
      "epoch": 0.722216233696238,
      "grad_norm": 0.1028497964143753,
      "learning_rate": 6.516586462586375e-05,
      "loss": 1.4224,
      "step": 6700
    },
    {
      "epoch": 0.7329955804678236,
      "grad_norm": 0.2336248904466629,
      "learning_rate": 6.0572159561270625e-05,
      "loss": 1.4229,
      "step": 6800
    },
    {
      "epoch": 0.7437749272394093,
      "grad_norm": 0.18482652306556702,
      "learning_rate": 5.610505992388028e-05,
      "loss": 1.4212,
      "step": 6900
    },
    {
      "epoch": 0.754554274010995,
      "grad_norm": 0.15534910559654236,
      "learning_rate": 5.1770889908207245e-05,
      "loss": 1.4204,
      "step": 7000
    },
    {
      "epoch": 0.754554274010995,
      "eval_loss": 1.3931763172149658,
      "eval_runtime": 325.8217,
      "eval_samples_per_second": 3069.01,
      "eval_steps_per_second": 2.999,
      "step": 7000
    },
    {
      "epoch": 0.7653336207825806,
      "grad_norm": 0.23148557543754578,
      "learning_rate": 4.7575785516683333e-05,
      "loss": 1.4227,
      "step": 7100
    },
    {
      "epoch": 0.7761129675541663,
      "grad_norm": 0.22061187028884888,
      "learning_rate": 4.352568587275203e-05,
      "loss": 1.4241,
      "step": 7200
    },
    {
      "epoch": 0.7868923143257519,
      "grad_norm": 0.145369291305542,
      "learning_rate": 3.962632481268978e-05,
      "loss": 1.4205,
      "step": 7300
    },
    {
      "epoch": 0.7976716610973374,
      "grad_norm": 0.10878299176692963,
      "learning_rate": 3.588322276805803e-05,
      "loss": 1.42,
      "step": 7400
    },
    {
      "epoch": 0.8084510078689231,
      "grad_norm": 0.17009234428405762,
      "learning_rate": 3.2301678950277925e-05,
      "loss": 1.4243,
      "step": 7500
    },
    {
      "epoch": 0.8192303546405088,
      "grad_norm": 0.16996809840202332,
      "learning_rate": 2.8886763848392623e-05,
      "loss": 1.4223,
      "step": 7600
    },
    {
      "epoch": 0.8300097014120944,
      "grad_norm": 0.09601191431283951,
      "learning_rate": 2.564331205063787e-05,
      "loss": 1.4224,
      "step": 7700
    },
    {
      "epoch": 0.84078904818368,
      "grad_norm": 0.13382260501384735,
      "learning_rate": 2.257591539998399e-05,
      "loss": 1.4211,
      "step": 7800
    },
    {
      "epoch": 0.8515683949552657,
      "grad_norm": 0.1555667668581009,
      "learning_rate": 1.96889164933387e-05,
      "loss": 1.4231,
      "step": 7900
    },
    {
      "epoch": 0.8623477417268514,
      "grad_norm": 0.12945641577243805,
      "learning_rate": 1.6986402533614625e-05,
      "loss": 1.4219,
      "step": 8000
    },
    {
      "epoch": 0.8623477417268514,
      "eval_loss": 1.3908790349960327,
      "eval_runtime": 336.0472,
      "eval_samples_per_second": 2975.623,
      "eval_steps_per_second": 2.907,
      "step": 8000
    },
    {
      "epoch": 0.5820847256656246,
      "grad_norm": 0.14009353518486023,
      "learning_rate": 0.00029975385563899503,
      "loss": 1.4228,
      "step": 8100
    },
    {
      "epoch": 0.5892709568466817,
      "grad_norm": 0.17546266317367554,
      "learning_rate": 0.00029970887523218836,
      "loss": 1.4215,
      "step": 8200
    },
    {
      "epoch": 0.5964571880277388,
      "grad_norm": 0.17827650904655457,
      "learning_rate": 0.0002996601263830932,
      "loss": 1.42,
      "step": 8300
    },
    {
      "epoch": 0.6036434192087959,
      "grad_norm": 0.14981868863105774,
      "learning_rate": 0.00029960761031880577,
      "loss": 1.4233,
      "step": 8400
    },
    {
      "epoch": 0.610829650389853,
      "grad_norm": 0.13344749808311462,
      "learning_rate": 0.0002995513283612502,
      "loss": 1.4225,
      "step": 8500
    },
    {
      "epoch": 0.6180158815709101,
      "grad_norm": 0.15612486004829407,
      "learning_rate": 0.0002994912819271448,
      "loss": 1.4201,
      "step": 8600
    },
    {
      "epoch": 0.6252021127519672,
      "grad_norm": 0.15855135023593903,
      "learning_rate": 0.00029942747252796663,
      "loss": 1.4217,
      "step": 8700
    },
    {
      "epoch": 0.6323883439330243,
      "grad_norm": 0.239423930644989,
      "learning_rate": 0.00029935990176991315,
      "loss": 1.4202,
      "step": 8800
    },
    {
      "epoch": 0.6395745751140814,
      "grad_norm": 0.21755294501781464,
      "learning_rate": 0.00029928857135386237,
      "loss": 1.4206,
      "step": 8900
    },
    {
      "epoch": 0.6467608062951385,
      "grad_norm": 0.19801901280879974,
      "learning_rate": 0.0002992134830753293,
      "loss": 1.4222,
      "step": 9000
    },
    {
      "epoch": 0.6467608062951385,
      "eval_loss": 1.4135403633117676,
      "eval_runtime": 515.431,
      "eval_samples_per_second": 2910.04,
      "eval_steps_per_second": 2.842,
      "step": 9000
    },
    {
      "epoch": 0.6539470374761956,
      "grad_norm": 0.13952982425689697,
      "learning_rate": 0.0002991346388244213,
      "loss": 1.4218,
      "step": 9100
    },
    {
      "epoch": 0.6611332686572527,
      "grad_norm": 0.18040978908538818,
      "learning_rate": 0.0002990520405857904,
      "loss": 1.4195,
      "step": 9200
    },
    {
      "epoch": 0.6683194998383098,
      "grad_norm": 0.12554918229579926,
      "learning_rate": 0.00029896569043858304,
      "loss": 1.4207,
      "step": 9300
    },
    {
      "epoch": 0.6755057310193668,
      "grad_norm": 0.14986082911491394,
      "learning_rate": 0.0002988755905563882,
      "loss": 1.4206,
      "step": 9400
    },
    {
      "epoch": 0.6826919622004239,
      "grad_norm": 0.2106655389070511,
      "learning_rate": 0.0002987817432071823,
      "loss": 1.4185,
      "step": 9500
    },
    {
      "epoch": 0.689878193381481,
      "grad_norm": 0.21575064957141876,
      "learning_rate": 0.0002986841507532724,
      "loss": 1.4174,
      "step": 9600
    },
    {
      "epoch": 0.6970644245625381,
      "grad_norm": 0.15901927649974823,
      "learning_rate": 0.00029858281565123637,
      "loss": 1.4192,
      "step": 9700
    },
    {
      "epoch": 0.7042506557435952,
      "grad_norm": 0.15271663665771484,
      "learning_rate": 0.0002984777404518615,
      "loss": 1.4191,
      "step": 9800
    },
    {
      "epoch": 0.7114368869246523,
      "grad_norm": 0.15094295144081116,
      "learning_rate": 0.00029836892780008,
      "loss": 1.4208,
      "step": 9900
    },
    {
      "epoch": 0.7186231181057094,
      "grad_norm": 0.22320817410945892,
      "learning_rate": 0.00029825638043490244,
      "loss": 1.4183,
      "step": 10000
    },
    {
      "epoch": 0.7186231181057094,
      "eval_loss": 1.4105842113494873,
      "eval_runtime": 510.288,
      "eval_samples_per_second": 2939.37,
      "eval_steps_per_second": 2.871,
      "step": 10000
    },
    {
      "epoch": 0.7258093492867665,
      "grad_norm": 0.16567735373973846,
      "learning_rate": 0.00029814010118934896,
      "loss": 1.4156,
      "step": 10100
    },
    {
      "epoch": 0.7329955804678236,
      "grad_norm": 0.18226376175880432,
      "learning_rate": 0.00029802009299037774,
      "loss": 1.4198,
      "step": 10200
    },
    {
      "epoch": 0.7401818116488807,
      "grad_norm": 0.16717275977134705,
      "learning_rate": 0.00029789635885881156,
      "loss": 1.4173,
      "step": 10300
    },
    {
      "epoch": 0.7473680428299379,
      "grad_norm": 0.22322238981723785,
      "learning_rate": 0.00029776890190926153,
      "loss": 1.4173,
      "step": 10400
    },
    {
      "epoch": 0.754554274010995,
      "grad_norm": 0.13165538012981415,
      "learning_rate": 0.00029763772535004886,
      "loss": 1.4202,
      "step": 10500
    },
    {
      "epoch": 0.761740505192052,
      "grad_norm": 0.11068514734506607,
      "learning_rate": 0.00029750283248312405,
      "loss": 1.418,
      "step": 10600
    },
    {
      "epoch": 0.7689267363731092,
      "grad_norm": 0.14547976851463318,
      "learning_rate": 0.00029736422670398376,
      "loss": 1.4152,
      "step": 10700
    },
    {
      "epoch": 0.7761129675541663,
      "grad_norm": 0.12984918057918549,
      "learning_rate": 0.0002972219115015854,
      "loss": 1.4176,
      "step": 10800
    },
    {
      "epoch": 0.7832991987352234,
      "grad_norm": 0.16684870421886444,
      "learning_rate": 0.000297075890458259,
      "loss": 1.4164,
      "step": 10900
    },
    {
      "epoch": 0.7904854299162805,
      "grad_norm": 0.2074972242116928,
      "learning_rate": 0.00029692616724961757,
      "loss": 1.4137,
      "step": 11000
    },
    {
      "epoch": 0.7904854299162805,
      "eval_loss": 1.4082274436950684,
      "eval_runtime": 513.7418,
      "eval_samples_per_second": 2919.609,
      "eval_steps_per_second": 2.852,
      "step": 11000
    },
    {
      "epoch": 0.7976716610973374,
      "grad_norm": 0.239987313747406,
      "learning_rate": 0.00029677274564446425,
      "loss": 1.4175,
      "step": 11100
    },
    {
      "epoch": 0.8048578922783945,
      "grad_norm": 0.14957760274410248,
      "learning_rate": 0.0002966156295046974,
      "loss": 1.4196,
      "step": 11200
    },
    {
      "epoch": 0.8120441234594516,
      "grad_norm": 0.12603351473808289,
      "learning_rate": 0.0002964548227852135,
      "loss": 1.4186,
      "step": 11300
    },
    {
      "epoch": 0.8192303546405088,
      "grad_norm": 0.22212055325508118,
      "learning_rate": 0.0002962903295338076,
      "loss": 1.4138,
      "step": 11400
    },
    {
      "epoch": 0.8264165858215659,
      "grad_norm": 0.21525391936302185,
      "learning_rate": 0.0002961221538910713,
      "loss": 1.4144,
      "step": 11500
    },
    {
      "epoch": 0.833602817002623,
      "grad_norm": 0.21041198074817657,
      "learning_rate": 0.00029595030009028884,
      "loss": 1.4152,
      "step": 11600
    },
    {
      "epoch": 0.84078904818368,
      "grad_norm": 0.22865360975265503,
      "learning_rate": 0.00029577477245733015,
      "loss": 1.4156,
      "step": 11700
    },
    {
      "epoch": 0.8479752793647372,
      "grad_norm": 0.2899693548679352,
      "learning_rate": 0.0002955955754105422,
      "loss": 1.4163,
      "step": 11800
    },
    {
      "epoch": 0.8551615105457943,
      "grad_norm": 0.16479964554309845,
      "learning_rate": 0.00029541271346063773,
      "loss": 1.4162,
      "step": 11900
    },
    {
      "epoch": 0.8623477417268514,
      "grad_norm": 0.1515320986509323,
      "learning_rate": 0.0002952261912105817,
      "loss": 1.4149,
      "step": 12000
    },
    {
      "epoch": 0.8623477417268514,
      "eval_loss": 1.4090790748596191,
      "eval_runtime": 499.7203,
      "eval_samples_per_second": 3001.529,
      "eval_steps_per_second": 2.932,
      "step": 12000
    },
    {
      "epoch": 0.8695339729079085,
      "grad_norm": 0.16769641637802124,
      "learning_rate": 0.0002950360133554754,
      "loss": 1.417,
      "step": 12100
    },
    {
      "epoch": 0.8767202040889656,
      "grad_norm": 0.170455664396286,
      "learning_rate": 0.0002948421846824383,
      "loss": 1.4176,
      "step": 12200
    },
    {
      "epoch": 0.8839064352700227,
      "grad_norm": 0.17107261717319489,
      "learning_rate": 0.00029464471007048754,
      "loss": 1.4117,
      "step": 12300
    },
    {
      "epoch": 0.8910926664510798,
      "grad_norm": 0.16116920113563538,
      "learning_rate": 0.0002944435944904151,
      "loss": 1.4158,
      "step": 12400
    },
    {
      "epoch": 0.8982788976321369,
      "grad_norm": 0.16372253000736237,
      "learning_rate": 0.00029423884300466266,
      "loss": 1.4152,
      "step": 12500
    },
    {
      "epoch": 0.905465128813194,
      "grad_norm": 0.1301368772983551,
      "learning_rate": 0.0002940304607671944,
      "loss": 1.4181,
      "step": 12600
    },
    {
      "epoch": 0.9126513599942511,
      "grad_norm": 0.13925576210021973,
      "learning_rate": 0.0002938184530233668,
      "loss": 1.4141,
      "step": 12700
    },
    {
      "epoch": 0.9198375911753081,
      "grad_norm": 0.2182019203901291,
      "learning_rate": 0.00029360282510979696,
      "loss": 1.4148,
      "step": 12800
    },
    {
      "epoch": 0.9270238223563652,
      "grad_norm": 0.20054778456687927,
      "learning_rate": 0.00029338358245422833,
      "loss": 1.4153,
      "step": 12900
    },
    {
      "epoch": 0.9342100535374223,
      "grad_norm": 0.1268223077058792,
      "learning_rate": 0.00029316073057539363,
      "loss": 1.4146,
      "step": 13000
    },
    {
      "epoch": 0.9342100535374223,
      "eval_loss": 1.4083656072616577,
      "eval_runtime": 505.5247,
      "eval_samples_per_second": 2967.066,
      "eval_steps_per_second": 2.898,
      "step": 13000
    },
    {
      "epoch": 0.9413962847184794,
      "grad_norm": 0.12435932457447052,
      "learning_rate": 0.0002929342750828765,
      "loss": 1.4142,
      "step": 13100
    },
    {
      "epoch": 0.9485825158995365,
      "grad_norm": 0.18454450368881226,
      "learning_rate": 0.00029270422167697004,
      "loss": 1.4142,
      "step": 13200
    },
    {
      "epoch": 0.9557687470805936,
      "grad_norm": 0.21504169702529907,
      "learning_rate": 0.0002924705761485331,
      "loss": 1.4142,
      "step": 13300
    },
    {
      "epoch": 0.9629549782616507,
      "grad_norm": 0.1204119399189949,
      "learning_rate": 0.0002922333443788449,
      "loss": 1.4157,
      "step": 13400
    },
    {
      "epoch": 0.9701412094427078,
      "grad_norm": 0.1949600726366043,
      "learning_rate": 0.0002919925323394568,
      "loss": 1.4145,
      "step": 13500
    },
    {
      "epoch": 0.9773274406237649,
      "grad_norm": 0.15820859372615814,
      "learning_rate": 0.0002917481460920419,
      "loss": 1.411,
      "step": 13600
    },
    {
      "epoch": 0.984513671804822,
      "grad_norm": 0.19190995395183563,
      "learning_rate": 0.0002915001917882426,
      "loss": 1.4143,
      "step": 13700
    },
    {
      "epoch": 0.9916999029858791,
      "grad_norm": 0.160371795296669,
      "learning_rate": 0.0002912486756695159,
      "loss": 1.4148,
      "step": 13800
    },
    {
      "epoch": 0.9988861341669362,
      "grad_norm": 0.20191575586795807,
      "learning_rate": 0.0002909936040669758,
      "loss": 1.415,
      "step": 13900
    },
    {
      "epoch": 1.0060723653479933,
      "grad_norm": 0.13192372024059296,
      "learning_rate": 0.00029073498340123453,
      "loss": 1.4167,
      "step": 14000
    },
    {
      "epoch": 1.0060723653479933,
      "eval_loss": 1.4090924263000488,
      "eval_runtime": 507.1698,
      "eval_samples_per_second": 2957.441,
      "eval_steps_per_second": 2.889,
      "step": 14000
    },
    {
      "epoch": 1.0132945276849556,
      "grad_norm": 0.2315802127122879,
      "learning_rate": 0.0002904728201822404,
      "loss": 1.413,
      "step": 14100
    },
    {
      "epoch": 1.0204807588660127,
      "grad_norm": 0.18188811838626862,
      "learning_rate": 0.00029020712100911425,
      "loss": 1.4126,
      "step": 14200
    },
    {
      "epoch": 1.0276669900470699,
      "grad_norm": 0.11181557923555374,
      "learning_rate": 0.00028993789256998324,
      "loss": 1.4102,
      "step": 14300
    },
    {
      "epoch": 1.034853221228127,
      "grad_norm": 0.166800856590271,
      "learning_rate": 0.00028966514164181274,
      "loss": 1.4131,
      "step": 14400
    },
    {
      "epoch": 1.042039452409184,
      "grad_norm": 0.15633350610733032,
      "learning_rate": 0.00028938887509023515,
      "loss": 1.4164,
      "step": 14500
    },
    {
      "epoch": 1.0492256835902412,
      "grad_norm": 0.1160096824169159,
      "learning_rate": 0.0002891090998693777,
      "loss": 1.412,
      "step": 14600
    },
    {
      "epoch": 1.0564119147712983,
      "grad_norm": 0.18253032863140106,
      "learning_rate": 0.0002888258230216871,
      "loss": 1.4125,
      "step": 14700
    },
    {
      "epoch": 1.0635981459523554,
      "grad_norm": 0.14254777133464813,
      "learning_rate": 0.0002885390516777523,
      "loss": 1.4137,
      "step": 14800
    },
    {
      "epoch": 1.0707843771334125,
      "grad_norm": 0.19463331997394562,
      "learning_rate": 0.00028824879305612496,
      "loss": 1.4133,
      "step": 14900
    },
    {
      "epoch": 1.0779706083144696,
      "grad_norm": 0.17403723299503326,
      "learning_rate": 0.00028795505446313794,
      "loss": 1.4135,
      "step": 15000
    },
    {
      "epoch": 1.0779706083144696,
      "eval_loss": 1.4073271751403809,
      "eval_runtime": 490.0826,
      "eval_samples_per_second": 3060.555,
      "eval_steps_per_second": 2.989,
      "step": 15000
    },
    {
      "epoch": 1.0851568394955267,
      "grad_norm": 0.19026939570903778,
      "learning_rate": 0.0002876578432927212,
      "loss": 1.4104,
      "step": 15100
    },
    {
      "epoch": 1.0923430706765838,
      "grad_norm": 0.20765863358974457,
      "learning_rate": 0.0002873571670262157,
      "loss": 1.4124,
      "step": 15200
    },
    {
      "epoch": 1.0995293018576409,
      "grad_norm": 0.16774015128612518,
      "learning_rate": 0.0002870530332321851,
      "loss": 1.4111,
      "step": 15300
    },
    {
      "epoch": 1.106715533038698,
      "grad_norm": 0.17158468067646027,
      "learning_rate": 0.0002867454495662253,
      "loss": 1.4107,
      "step": 15400
    },
    {
      "epoch": 1.1139017642197548,
      "grad_norm": 0.21891151368618011,
      "learning_rate": 0.00028643442377077174,
      "loss": 1.4125,
      "step": 15500
    },
    {
      "epoch": 1.121087995400812,
      "grad_norm": 0.12942726910114288,
      "learning_rate": 0.00028611996367490446,
      "loss": 1.4124,
      "step": 15600
    },
    {
      "epoch": 1.128274226581869,
      "grad_norm": 0.09230972081422806,
      "learning_rate": 0.00028580207719415085,
      "loss": 1.4107,
      "step": 15700
    },
    {
      "epoch": 1.1354604577629261,
      "grad_norm": 0.16219840943813324,
      "learning_rate": 0.00028548077233028676,
      "loss": 1.41,
      "step": 15800
    },
    {
      "epoch": 1.1426466889439832,
      "grad_norm": 0.15337620675563812,
      "learning_rate": 0.00028515605717113496,
      "loss": 1.41,
      "step": 15900
    },
    {
      "epoch": 1.1498329201250403,
      "grad_norm": 0.11557237803936005,
      "learning_rate": 0.0002848279398903613,
      "loss": 1.4104,
      "step": 16000
    },
    {
      "epoch": 1.1498329201250403,
      "eval_loss": 1.4038690328598022,
      "eval_runtime": 493.9883,
      "eval_samples_per_second": 3036.357,
      "eval_steps_per_second": 2.966,
      "step": 16000
    },
    {
      "epoch": 1.1570191513060974,
      "grad_norm": 0.15150266885757446,
      "learning_rate": 0.0002844964287472694,
      "loss": 1.4106,
      "step": 16100
    },
    {
      "epoch": 1.1642053824871545,
      "grad_norm": 0.14841800928115845,
      "learning_rate": 0.0002841615320865923,
      "loss": 1.4113,
      "step": 16200
    },
    {
      "epoch": 1.1713916136682117,
      "grad_norm": 0.11850428581237793,
      "learning_rate": 0.0002838232583382827,
      "loss": 1.409,
      "step": 16300
    },
    {
      "epoch": 1.1785778448492688,
      "grad_norm": 0.15195654332637787,
      "learning_rate": 0.0002834816160173007,
      "loss": 1.409,
      "step": 16400
    },
    {
      "epoch": 1.1857640760303259,
      "grad_norm": 0.18289701640605927,
      "learning_rate": 0.0002831366137233995,
      "loss": 1.4102,
      "step": 16500
    },
    {
      "epoch": 1.192950307211383,
      "grad_norm": 0.2039179652929306,
      "learning_rate": 0.00028278826014090883,
      "loss": 1.4098,
      "step": 16600
    },
    {
      "epoch": 1.20013653839244,
      "grad_norm": 0.1543814092874527,
      "learning_rate": 0.00028243656403851626,
      "loss": 1.4084,
      "step": 16700
    },
    {
      "epoch": 1.2073227695734972,
      "grad_norm": 0.19213779270648956,
      "learning_rate": 0.0002820815342690468,
      "loss": 1.4117,
      "step": 16800
    },
    {
      "epoch": 1.2145090007545543,
      "grad_norm": 0.1945776641368866,
      "learning_rate": 0.00028172317976923986,
      "loss": 1.4103,
      "step": 16900
    },
    {
      "epoch": 1.2216952319356114,
      "grad_norm": 0.14457018673419952,
      "learning_rate": 0.0002813615095595241,
      "loss": 1.4083,
      "step": 17000
    },
    {
      "epoch": 1.2216952319356114,
      "eval_loss": 1.4029568433761597,
      "eval_runtime": 500.8166,
      "eval_samples_per_second": 2994.959,
      "eval_steps_per_second": 2.925,
      "step": 17000
    },
    {
      "epoch": 1.2288814631166685,
      "grad_norm": 0.19539040327072144,
      "learning_rate": 0.00028099653274379097,
      "loss": 1.4105,
      "step": 17100
    },
    {
      "epoch": 1.2360676942977256,
      "grad_norm": 0.16247326135635376,
      "learning_rate": 0.0002806282585091647,
      "loss": 1.4101,
      "step": 17200
    },
    {
      "epoch": 1.2432539254787827,
      "grad_norm": 0.18133388459682465,
      "learning_rate": 0.00028025669612577177,
      "loss": 1.4134,
      "step": 17300
    },
    {
      "epoch": 1.2504401566598398,
      "grad_norm": 0.15857289731502533,
      "learning_rate": 0.00027988185494650725,
      "loss": 1.4094,
      "step": 17400
    },
    {
      "epoch": 1.2576263878408969,
      "grad_norm": 0.12396468967199326,
      "learning_rate": 0.0002795037444067994,
      "loss": 1.4096,
      "step": 17500
    },
    {
      "epoch": 1.264812619021954,
      "grad_norm": 0.14844763278961182,
      "learning_rate": 0.0002791223740243721,
      "loss": 1.4098,
      "step": 17600
    },
    {
      "epoch": 1.271998850203011,
      "grad_norm": 0.1921469271183014,
      "learning_rate": 0.00027873775339900555,
      "loss": 1.4112,
      "step": 17700
    },
    {
      "epoch": 1.2791850813840682,
      "grad_norm": 0.1745205670595169,
      "learning_rate": 0.00027834989221229417,
      "loss": 1.409,
      "step": 17800
    },
    {
      "epoch": 1.2863713125651253,
      "grad_norm": 0.1748555302619934,
      "learning_rate": 0.00027795880022740335,
      "loss": 1.4111,
      "step": 17900
    },
    {
      "epoch": 1.2935575437461824,
      "grad_norm": 0.13994789123535156,
      "learning_rate": 0.0002775644872888234,
      "loss": 1.4132,
      "step": 18000
    },
    {
      "epoch": 1.2935575437461824,
      "eval_loss": 1.4024194478988647,
      "eval_runtime": 495.304,
      "eval_samples_per_second": 3028.292,
      "eval_steps_per_second": 2.958,
      "step": 18000
    },
    {
      "epoch": 1.3007437749272395,
      "grad_norm": 0.1436963528394699,
      "learning_rate": 0.00027716696332212186,
      "loss": 1.4109,
      "step": 18100
    },
    {
      "epoch": 1.3079300061082966,
      "grad_norm": 0.11412250250577927,
      "learning_rate": 0.0002767662383336936,
      "loss": 1.4106,
      "step": 18200
    },
    {
      "epoch": 1.3151162372893537,
      "grad_norm": 0.1460997462272644,
      "learning_rate": 0.00027636232241050915,
      "loss": 1.4101,
      "step": 18300
    },
    {
      "epoch": 1.3223024684704108,
      "grad_norm": 0.13103070855140686,
      "learning_rate": 0.0002759552257198603,
      "loss": 1.4082,
      "step": 18400
    },
    {
      "epoch": 1.3294886996514679,
      "grad_norm": 0.1513378769159317,
      "learning_rate": 0.00027554495850910484,
      "loss": 1.4088,
      "step": 18500
    },
    {
      "epoch": 1.3366749308325248,
      "grad_norm": 0.19146446883678436,
      "learning_rate": 0.000275131531105408,
      "loss": 1.4082,
      "step": 18600
    },
    {
      "epoch": 1.343861162013582,
      "grad_norm": 0.12657217681407928,
      "learning_rate": 0.00027471495391548286,
      "loss": 1.4102,
      "step": 18700
    },
    {
      "epoch": 1.351047393194639,
      "grad_norm": 0.15875686705112457,
      "learning_rate": 0.0002742952374253284,
      "loss": 1.4095,
      "step": 18800
    },
    {
      "epoch": 1.3582336243756963,
      "grad_norm": 0.1415521651506424,
      "learning_rate": 0.00027387239219996525,
      "loss": 1.4091,
      "step": 18900
    },
    {
      "epoch": 1.3654198555567532,
      "grad_norm": 0.1873333752155304,
      "learning_rate": 0.00027344642888317013,
      "loss": 1.4092,
      "step": 19000
    },
    {
      "epoch": 1.3654198555567532,
      "eval_loss": 1.401832103729248,
      "eval_runtime": 496.2993,
      "eval_samples_per_second": 3022.218,
      "eval_steps_per_second": 2.952,
      "step": 19000
    },
    {
      "epoch": 1.3726060867378105,
      "grad_norm": 0.15047135949134827,
      "learning_rate": 0.00027301735819720765,
      "loss": 1.4103,
      "step": 19100
    },
    {
      "epoch": 1.3797923179188674,
      "grad_norm": 0.15899553894996643,
      "learning_rate": 0.0002725851909425605,
      "loss": 1.4128,
      "step": 19200
    },
    {
      "epoch": 1.3869785490999245,
      "grad_norm": 0.1150161623954773,
      "learning_rate": 0.0002721499379976576,
      "loss": 1.4085,
      "step": 19300
    },
    {
      "epoch": 1.3941647802809816,
      "grad_norm": 0.1719789355993271,
      "learning_rate": 0.00027171161031860024,
      "loss": 1.4121,
      "step": 19400
    },
    {
      "epoch": 1.4013510114620387,
      "grad_norm": 0.16458985209465027,
      "learning_rate": 0.00027127021893888633,
      "loss": 1.4098,
      "step": 19500
    },
    {
      "epoch": 1.4085372426430958,
      "grad_norm": 0.18586154282093048,
      "learning_rate": 0.0002708257749691327,
      "loss": 1.4098,
      "step": 19600
    },
    {
      "epoch": 1.4157234738241529,
      "grad_norm": 0.1691611409187317,
      "learning_rate": 0.0002703782895967952,
      "loss": 1.4095,
      "step": 19700
    },
    {
      "epoch": 1.42290970500521,
      "grad_norm": 0.1742429882287979,
      "learning_rate": 0.0002699277740858876,
      "loss": 1.4118,
      "step": 19800
    },
    {
      "epoch": 1.430095936186267,
      "grad_norm": 0.12575186789035797,
      "learning_rate": 0.0002694742397766973,
      "loss": 1.409,
      "step": 19900
    },
    {
      "epoch": 1.4372821673673242,
      "grad_norm": 0.21765562891960144,
      "learning_rate": 0.00026901769808550073,
      "loss": 1.4077,
      "step": 20000
    },
    {
      "epoch": 1.4372821673673242,
      "eval_loss": 1.4143568277359009,
      "eval_runtime": 546.0221,
      "eval_samples_per_second": 2747.004,
      "eval_steps_per_second": 2.683,
      "step": 20000
    },
    {
      "epoch": 1.4444683985483813,
      "grad_norm": 0.22144804894924164,
      "learning_rate": 0.00026855816050427503,
      "loss": 1.4121,
      "step": 20100
    },
    {
      "epoch": 1.4516546297294384,
      "grad_norm": 0.11155375838279724,
      "learning_rate": 0.00026809563860040984,
      "loss": 1.4115,
      "step": 20200
    },
    {
      "epoch": 1.4588408609104955,
      "grad_norm": 0.1301615685224533,
      "learning_rate": 0.0002676301440164152,
      "loss": 1.41,
      "step": 20300
    },
    {
      "epoch": 1.4660270920915526,
      "grad_norm": 0.17921394109725952,
      "learning_rate": 0.00026716168846962904,
      "loss": 1.4096,
      "step": 20400
    },
    {
      "epoch": 1.4732133232726097,
      "grad_norm": 0.17328333854675293,
      "learning_rate": 0.00026669028375192195,
      "loss": 1.4084,
      "step": 20500
    },
    {
      "epoch": 1.4803995544536668,
      "grad_norm": 0.16982388496398926,
      "learning_rate": 0.00026621594172940066,
      "loss": 1.409,
      "step": 20600
    },
    {
      "epoch": 1.4875857856347239,
      "grad_norm": 0.17034976184368134,
      "learning_rate": 0.0002657386743421089,
      "loss": 1.4102,
      "step": 20700
    },
    {
      "epoch": 1.494772016815781,
      "grad_norm": 0.19845309853553772,
      "learning_rate": 0.0002652584936037274,
      "loss": 1.4116,
      "step": 20800
    },
    {
      "epoch": 1.501958247996838,
      "grad_norm": 0.16394422948360443,
      "learning_rate": 0.0002647754116012708,
      "loss": 1.4085,
      "step": 20900
    },
    {
      "epoch": 1.5091444791778952,
      "grad_norm": 0.114270880818367,
      "learning_rate": 0.00026428944049478417,
      "loss": 1.409,
      "step": 21000
    },
    {
      "epoch": 1.5091444791778952,
      "eval_loss": 1.4139622449874878,
      "eval_runtime": 530.5716,
      "eval_samples_per_second": 2826.998,
      "eval_steps_per_second": 2.761,
      "step": 21000
    },
    {
      "epoch": 1.5163307103589523,
      "grad_norm": 0.1270279437303543,
      "learning_rate": 0.0002638005925170364,
      "loss": 1.406,
      "step": 21100
    },
    {
      "epoch": 1.5235169415400094,
      "grad_norm": 0.16687877476215363,
      "learning_rate": 0.0002633088799732123,
      "loss": 1.4112,
      "step": 21200
    },
    {
      "epoch": 1.5307031727210665,
      "grad_norm": 0.19852972030639648,
      "learning_rate": 0.00026281431524060315,
      "loss": 1.4092,
      "step": 21300
    },
    {
      "epoch": 1.5378894039021236,
      "grad_norm": 0.15951880812644958,
      "learning_rate": 0.00026231691076829483,
      "loss": 1.4103,
      "step": 21400
    },
    {
      "epoch": 1.5450756350831805,
      "grad_norm": 0.18067030608654022,
      "learning_rate": 0.00026181667907685465,
      "loss": 1.4105,
      "step": 21500
    },
    {
      "epoch": 1.5522618662642378,
      "grad_norm": 0.1349857896566391,
      "learning_rate": 0.0002613136327580161,
      "loss": 1.4089,
      "step": 21600
    },
    {
      "epoch": 1.5594480974452947,
      "grad_norm": 0.18475323915481567,
      "learning_rate": 0.000260807784474362,
      "loss": 1.4081,
      "step": 21700
    },
    {
      "epoch": 1.566634328626352,
      "grad_norm": 0.13233721256256104,
      "learning_rate": 0.0002602991469590056,
      "loss": 1.4095,
      "step": 21800
    },
    {
      "epoch": 1.5738205598074089,
      "grad_norm": 0.20077131688594818,
      "learning_rate": 0.0002597877330152701,
      "loss": 1.4116,
      "step": 21900
    },
    {
      "epoch": 1.5810067909884662,
      "grad_norm": 0.15576553344726562,
      "learning_rate": 0.00025927355551636644,
      "loss": 1.4059,
      "step": 22000
    },
    {
      "epoch": 1.5810067909884662,
      "eval_loss": 1.4128814935684204,
      "eval_runtime": 508.1443,
      "eval_samples_per_second": 2951.77,
      "eval_steps_per_second": 2.883,
      "step": 22000
    },
    {
      "epoch": 1.588193022169523,
      "grad_norm": 0.1365717351436615,
      "learning_rate": 0.00025875662740506926,
      "loss": 1.4072,
      "step": 22100
    },
    {
      "epoch": 1.5953792533505804,
      "grad_norm": 0.18257588148117065,
      "learning_rate": 0.00025823696169339106,
      "loss": 1.4093,
      "step": 22200
    },
    {
      "epoch": 1.6025654845316373,
      "grad_norm": 0.21732647716999054,
      "learning_rate": 0.00025771457146225467,
      "loss": 1.4098,
      "step": 22300
    },
    {
      "epoch": 1.6097517157126946,
      "grad_norm": 0.16044224798679352,
      "learning_rate": 0.000257189469861164,
      "loss": 1.4087,
      "step": 22400
    },
    {
      "epoch": 1.6169379468937515,
      "grad_norm": 0.1342158019542694,
      "learning_rate": 0.00025666167010787293,
      "loss": 1.4097,
      "step": 22500
    },
    {
      "epoch": 1.6241241780748088,
      "grad_norm": 0.23166953027248383,
      "learning_rate": 0.0002561311854880529,
      "loss": 1.4091,
      "step": 22600
    },
    {
      "epoch": 1.6313104092558657,
      "grad_norm": 0.12514278292655945,
      "learning_rate": 0.00025559802935495814,
      "loss": 1.4111,
      "step": 22700
    },
    {
      "epoch": 1.638496640436923,
      "grad_norm": 0.24391843378543854,
      "learning_rate": 0.00025506221512908964,
      "loss": 1.4098,
      "step": 22800
    },
    {
      "epoch": 1.6456828716179799,
      "grad_norm": 0.0962873101234436,
      "learning_rate": 0.0002545237562978575,
      "loss": 1.4088,
      "step": 22900
    },
    {
      "epoch": 1.6528691027990372,
      "grad_norm": 0.18699528276920319,
      "learning_rate": 0.0002539826664152413,
      "loss": 1.4096,
      "step": 23000
    },
    {
      "epoch": 1.6528691027990372,
      "eval_loss": 1.402129888534546,
      "eval_runtime": 549.3982,
      "eval_samples_per_second": 2730.123,
      "eval_steps_per_second": 2.667,
      "step": 23000
    },
    {
      "epoch": 1.660055333980094,
      "grad_norm": 0.11183574795722961,
      "learning_rate": 0.00025343895910144863,
      "loss": 1.4092,
      "step": 23100
    },
    {
      "epoch": 1.6672415651611512,
      "grad_norm": 0.1311798244714737,
      "learning_rate": 0.0002528926480425731,
      "loss": 1.4087,
      "step": 23200
    },
    {
      "epoch": 1.6744277963422083,
      "grad_norm": 0.10954393446445465,
      "learning_rate": 0.0002523437469902488,
      "loss": 1.41,
      "step": 23300
    },
    {
      "epoch": 1.6816140275232654,
      "grad_norm": 0.16473174095153809,
      "learning_rate": 0.00025179226976130485,
      "loss": 1.4082,
      "step": 23400
    },
    {
      "epoch": 1.6888002587043225,
      "grad_norm": 0.1141827404499054,
      "learning_rate": 0.0002512382302374173,
      "loss": 1.408,
      "step": 23500
    },
    {
      "epoch": 1.6959864898853796,
      "grad_norm": 0.16043773293495178,
      "learning_rate": 0.00025068164236475974,
      "loss": 1.407,
      "step": 23600
    },
    {
      "epoch": 1.7031727210664367,
      "grad_norm": 0.18286314606666565,
      "learning_rate": 0.0002501225201536524,
      "loss": 1.4094,
      "step": 23700
    },
    {
      "epoch": 1.7103589522474938,
      "grad_norm": 0.0968458279967308,
      "learning_rate": 0.0002495608776782094,
      "loss": 1.4087,
      "step": 23800
    },
    {
      "epoch": 1.717545183428551,
      "grad_norm": 0.13028086721897125,
      "learning_rate": 0.0002489967290759843,
      "loss": 1.409,
      "step": 23900
    },
    {
      "epoch": 1.724731414609608,
      "grad_norm": 0.13330963253974915,
      "learning_rate": 0.00024843008854761456,
      "loss": 1.4102,
      "step": 24000
    },
    {
      "epoch": 1.724731414609608,
      "eval_loss": 1.4026364088058472,
      "eval_runtime": 529.7014,
      "eval_samples_per_second": 2831.643,
      "eval_steps_per_second": 2.766,
      "step": 24000
    },
    {
      "epoch": 1.731917645790665,
      "grad_norm": 0.10724935680627823,
      "learning_rate": 0.0002478609703564638,
      "loss": 1.4084,
      "step": 24100
    },
    {
      "epoch": 1.7391038769717222,
      "grad_norm": 0.1372024118900299,
      "learning_rate": 0.0002472893888282628,
      "loss": 1.4076,
      "step": 24200
    },
    {
      "epoch": 1.7462901081527793,
      "grad_norm": 0.13924160599708557,
      "learning_rate": 0.00024671535835074925,
      "loss": 1.4085,
      "step": 24300
    },
    {
      "epoch": 1.7534763393338364,
      "grad_norm": 0.178277388215065,
      "learning_rate": 0.00024613889337330504,
      "loss": 1.4075,
      "step": 24400
    },
    {
      "epoch": 1.7606625705148935,
      "grad_norm": 0.1591143012046814,
      "learning_rate": 0.000245560008406593,
      "loss": 1.407,
      "step": 24500
    },
    {
      "epoch": 1.7678488016959506,
      "grad_norm": 0.19991435110569,
      "learning_rate": 0.00024497871802219137,
      "loss": 1.4076,
      "step": 24600
    },
    {
      "epoch": 1.7750350328770077,
      "grad_norm": 0.12114760279655457,
      "learning_rate": 0.000244395036852227,
      "loss": 1.4091,
      "step": 24700
    },
    {
      "epoch": 1.7822212640580648,
      "grad_norm": 0.14401696622371674,
      "learning_rate": 0.00024380897958900728,
      "loss": 1.4094,
      "step": 24800
    },
    {
      "epoch": 1.789407495239122,
      "grad_norm": 0.19483914971351624,
      "learning_rate": 0.00024322056098465008,
      "loss": 1.4067,
      "step": 24900
    },
    {
      "epoch": 1.7965937264201788,
      "grad_norm": 0.15794403851032257,
      "learning_rate": 0.00024262979585071244,
      "loss": 1.4099,
      "step": 25000
    },
    {
      "epoch": 1.7965937264201788,
      "eval_loss": 1.4015055894851685,
      "eval_runtime": 533.7008,
      "eval_samples_per_second": 2810.423,
      "eval_steps_per_second": 2.745,
      "step": 25000
    },
    {
      "epoch": 1.803779957601236,
      "grad_norm": 0.12645600736141205,
      "learning_rate": 0.0002420366990578179,
      "loss": 1.4102,
      "step": 25100
    },
    {
      "epoch": 1.810966188782293,
      "grad_norm": 0.13153307139873505,
      "learning_rate": 0.00024144128553528192,
      "loss": 1.4074,
      "step": 25200
    },
    {
      "epoch": 1.8181524199633503,
      "grad_norm": 0.14068925380706787,
      "learning_rate": 0.00024084357027073637,
      "loss": 1.4072,
      "step": 25300
    },
    {
      "epoch": 1.8253386511444072,
      "grad_norm": 0.1599065214395523,
      "learning_rate": 0.00024024356830975192,
      "loss": 1.4057,
      "step": 25400
    },
    {
      "epoch": 1.8325248823254645,
      "grad_norm": 0.14780676364898682,
      "learning_rate": 0.00023964129475545975,
      "loss": 1.4082,
      "step": 25500
    },
    {
      "epoch": 1.8397111135065214,
      "grad_norm": 0.128843292593956,
      "learning_rate": 0.00023903676476817092,
      "loss": 1.4089,
      "step": 25600
    },
    {
      "epoch": 1.8468973446875787,
      "grad_norm": 0.15942178666591644,
      "learning_rate": 0.00023842999356499516,
      "loss": 1.4094,
      "step": 25700
    },
    {
      "epoch": 1.8540835758686356,
      "grad_norm": 0.1395023763179779,
      "learning_rate": 0.00023782099641945747,
      "loss": 1.4065,
      "step": 25800
    },
    {
      "epoch": 1.861269807049693,
      "grad_norm": 0.17937535047531128,
      "learning_rate": 0.00023720978866111398,
      "loss": 1.4099,
      "step": 25900
    },
    {
      "epoch": 1.8684560382307498,
      "grad_norm": 0.09976498037576675,
      "learning_rate": 0.00023659638567516582,
      "loss": 1.4079,
      "step": 26000
    },
    {
      "epoch": 1.8684560382307498,
      "eval_loss": 1.4017722606658936,
      "eval_runtime": 525.8302,
      "eval_samples_per_second": 2852.489,
      "eval_steps_per_second": 2.786,
      "step": 26000
    }
  ],
  "logging_steps": 100,
  "max_steps": 69575,
  "num_input_tokens_seen": 0,
  "num_train_epochs": 5,
  "save_steps": 1000,
  "stateful_callbacks": {
    "TrainerControl": {
      "args": {
        "should_epoch_stop": false,
        "should_evaluate": false,
        "should_log": false,
        "should_save": true,
        "should_training_stop": false
      },
      "attributes": {}
    }
  },
  "total_flos": 0.0,
  "train_batch_size": 1024,
  "trial_name": null,
  "trial_params": null
}
